/*
Navicat MySQL Data Transfer

Source Server         : DEV
Source Server Version : 50720
Source Host           : localhost:3306
Source Database       : center

Target Server Type    : MYSQL
Target Server Version : 50720
File Encoding         : 65001

Date: 2018-02-01 14:50:44
*/

SET FOREIGN_KEY_CHECKS=0;

-- ----------------------------
-- Table structure for `device`
-- ----------------------------
DROP TABLE IF EXISTS `device`;
CREATE TABLE `device` (
  `id` bigint(18) NOT NULL COMMENT '统一ID',
  `bind` int(11) NOT NULL DEFAULT '0' COMMENT '1，绑定；0，不绑定',
  `create_time` datetime NOT NULL COMMENT '入库时间',
  `first_Login_Time` datetime DEFAULT NULL COMMENT '第一次登录时间，留存计算使用',
  `channal_id` varchar(45) DEFAULT NULL COMMENT '渠道号',
  `imei` varchar(45) DEFAULT NULL,
  `imsi` varchar(45) DEFAULT NULL,
  `serialno` varchar(45) DEFAULT NULL,
  `phoneno` varchar(45) DEFAULT NULL,
  `valid` int(11) DEFAULT '0',
  `count` int(11) DEFAULT '0',
  PRIMARY KEY (`id`)
) ENGINE=InnoDB DEFAULT CHARSET=utf8 COMMENT='设备表';

-- ----------------------------
-- Records of device
-- ----------------------------
INSERT INTO `device` VALUES ('776', '0', '2018-01-11 15:49:10', null, '0140000', '868404026790365', '460077162935954', 'sw0y832j', '', '1', '4');
INSERT INTO `device` VALUES ('834', '0', '2018-01-11 15:49:12', null, '0140000', '862021030286333', '460005723212195', 'F8UDU15928003885', '', '1', '6');
INSERT INTO `device` VALUES ('879', '0', '2018-01-09 15:04:01', null, '0140000', '866991021169001', '460020130781737', null, null, '1', '4');
INSERT INTO `device` VALUES ('902', '0', '2018-01-11 15:49:14', null, '0140000', '355309070179516', '460002623153071', '85EABNLVB9Y8', '', '1', '3');
INSERT INTO `device` VALUES ('913', '0', '2018-01-09 15:22:59', null, '0140000', '354210072216101', '460021899441083', 'ptcpfhfu', '', '1', '1');
INSERT INTO `device` VALUES ('921', '0', '2018-01-11 15:49:14', null, '0140000', '865840027054215', '460001445914805', 'DU2SSE147B032058', '', '1', '1');
INSERT INTO `device` VALUES ('939', '0', '2018-01-09 15:04:01', null, '0140000', '860191030611038', '460028611254691', null, null, '1', '1');
INSERT INTO `device` VALUES ('981', '0', '2018-01-11 15:49:12', null, '0140000', '35734607062167', '460022314568427', 'gz3d0fuq', '', '1', '4');
INSERT INTO `device` VALUES ('1134', '0', '2018-01-11 15:49:10', null, '0140000', 'A100004C780CB4', '460079195052054', 'M95QACQAJBP7H', '', '1', '1');
INSERT INTO `device` VALUES ('1160', '0', '2018-01-11 15:49:10', null, '0140000', '868980025596408', '460021896239958', '91QECO339P2J', '', '1', '1');
INSERT INTO `device` VALUES ('1202', '0', '2018-01-11 15:49:10', null, '0140000', 'A0000059B8F46D', '460023062853866', '4LOVCTAEOJX5DSUF', '', '1', '1');
INSERT INTO `device` VALUES ('1214', '0', '2018-01-11 15:49:10', null, '0140000', '867569026708525', '460078194322937', 'JNBYD6QWHEGQ55KZ', '', '1', '2');
INSERT INTO `device` VALUES ('1218', '0', '2018-01-11 15:49:12', null, '0140000', '860778038224978', '460005364170887', 'M95CACPBDPK7F', '', '1', '1');
INSERT INTO `device` VALUES ('1235', '0', '2018-01-11 15:49:05', null, '0140000', 'A100004C7F7046', '460025610534345', 'DU2SSE147B032058', '', '1', '2');
INSERT INTO `device` VALUES ('1290', '0', '2018-01-11 15:49:12', null, '0140000', '861464038578858', '460023817926274', 'ed89e8ce', '', '1', '5');
INSERT INTO `device` VALUES ('1326', '0', '2018-01-11 15:49:10', null, '0140000', '864814172287838', '460007208946239', 'd8pgunob', '', '1', '7');
INSERT INTO `device` VALUES ('1390', '0', '2018-01-18 16:47:39', null, '0140000', '869800022176070', '460006528037671', '1bae63c1', '', '1', '1');
INSERT INTO `device` VALUES ('1423', '0', '2018-01-11 15:49:14', null, '0140000', '866945021712145', '460023881236183', 'K4P0215731013304', '', '1', '3');
INSERT INTO `device` VALUES ('1509', '0', '2018-01-11 15:49:10', null, '0140000', 'A000006437F18C', '460026255842428', 'e3b8d0ea', '', '1', '1');
INSERT INTO `device` VALUES ('1610', '0', '2018-01-11 15:49:10', null, '0140000', '861642030919853', '460026645065923', 'QWW16F2265226', '', '1', '3');
INSERT INTO `device` VALUES ('1768', '0', '2018-01-09 15:04:01', null, '0140000', '868089028498032', '460020140427326', null, null, '1', '1');
INSERT INTO `device` VALUES ('1809', '0', '2018-01-11 15:49:14', null, '0140000', '864325034387916', '460079791124175', '1035a8af', '', '1', '7');
INSERT INTO `device` VALUES ('1814', '0', '2018-01-11 15:49:05', null, '0140000', '860737032801926', '460028489690910', 'JNBYD6QWHEGQ55KZ', '', '1', '1');
INSERT INTO `device` VALUES ('1832', '0', '2018-01-11 15:49:12', null, '0140000', '867689029776277', '460024396233196', 'MYV0215818003246', '', '1', '1');
INSERT INTO `device` VALUES ('1867', '0', '2018-01-09 15:04:01', null, '0140000', '867290890264160', '460007495307089', null, null, '1', '3');
INSERT INTO `device` VALUES ('1873', '0', '2018-01-09 15:04:01', null, '0140000', '352430072151015', '460027086260445', null, null, '1', '7');
INSERT INTO `device` VALUES ('1905', '0', '2018-01-11 15:49:10', null, '0140000', '862948039192197', '460023391139137', 'LE67A06370098256', '', '1', '7');
INSERT INTO `device` VALUES ('1918', '0', '2018-01-11 15:49:12', null, '0140000', '99000646495932', '460023012450704', '88CKBMH22P3Y', '', '1', '7');
INSERT INTO `device` VALUES ('1948', '0', '2018-01-11 15:49:05', null, '0140000', '865206025997906', '460026527333492', 'R3SDU15319003029', '', '1', '7');
INSERT INTO `device` VALUES ('1979', '0', '2018-01-09 15:04:01', null, '0140000', '863694032011229', '460025500307308', null, null, '1', '1');
INSERT INTO `device` VALUES ('1981', '0', '2018-01-09 15:04:01', null, '0140000', '862609034068531', '460000854259539', null, null, '1', '2');
INSERT INTO `device` VALUES ('2037', '0', '2018-01-11 15:49:14', null, '0140000', '861261030338305', '460115595006527', '0Z7WWVNXVUEEV9XW', '', '1', '2');
INSERT INTO `device` VALUES ('2044', '0', '2018-01-09 15:04:01', null, '0140000', '860076037419925', '460007953130384', null, null, '1', '2');
INSERT INTO `device` VALUES ('2083', '0', '2018-01-11 15:49:14', null, '0140000', '350091061615947', '460110544703534', 'krwchkcw', '', '1', '4');
INSERT INTO `device` VALUES ('2121', '0', '2018-01-11 15:49:12', null, '0140000', '352430072272191', '460023849776026', 'CB5A2AL6E5', '', '1', '7');
INSERT INTO `device` VALUES ('2130', '0', '2018-01-11 15:49:12', null, '0140000', '99000646495932', '460023012450704', '88CKBMH22P3Y', '', '1', '4');
INSERT INTO `device` VALUES ('2187', '0', '2018-01-11 15:49:05', null, '0140000', '863026394236704', '460008550539024', 'obuebxm9', '', '1', '3');
INSERT INTO `device` VALUES ('2201', '0', '2018-01-09 15:04:01', null, '0140000', '350826528767729', '460025323075028', null, null, '1', '5');
INSERT INTO `device` VALUES ('2220', '0', '2018-01-11 15:49:05', null, '0140000', '861642030919853', '460026645065923', 'QWW16F2265226', '', '1', '10');
INSERT INTO `device` VALUES ('2258', '0', '2018-01-11 15:49:14', null, '0140000', '866945021712145', '460023881236183', 'K4P0215731013304', '', '1', '4');
INSERT INTO `device` VALUES ('2287', '0', '2018-01-11 15:49:05', null, '0140000', '866883999303471', '460000492660292', 'ple20hnu', '', '1', '2');
INSERT INTO `device` VALUES ('2298', '0', '2018-01-11 15:49:05', null, '0140000', '862609034068531', '460000854259539', 'MRL7SCSK99999999', '', '1', '5');
INSERT INTO `device` VALUES ('2321', '0', '2018-01-11 15:49:10', null, '0140000', '866530385719002', '460000006209598', 'HX47LWCRIX8F', '', '1', '4');
INSERT INTO `device` VALUES ('2333', '0', '2018-01-11 15:49:14', null, '0140000', 'i53AUkwrv66eAIC', '460117982765303', 'mjuvv0wa', '', '1', '2');
INSERT INTO `device` VALUES ('2361', '0', '2018-01-11 15:49:05', null, '0140000', '864522107282289', '460003359589824', '4wafjj7n', '', '1', '6');
INSERT INTO `device` VALUES ('2363', '0', '2018-01-11 15:49:14', null, '0140000', 'hcCC9gIAtr9inpq', '460110742975525', 'RPEDM5DRTVJ3', '', '1', '5');
INSERT INTO `device` VALUES ('2435', '0', '2018-01-11 15:49:05', null, '0140000', '864865020759636', 'null', '3016c02e', '', '0', '0');
INSERT INTO `device` VALUES ('2447', '0', '2018-01-11 15:49:12', null, '0140000', '869411022791122', '460027763537639', 'SGS4CMU47LNN5SUO', '', '1', '8');
INSERT INTO `device` VALUES ('2467', '0', '2018-01-11 15:49:05', null, '0140000', '863563021089118', '460021407341730', 'TC8S5PRSS4DAIVKZ', '', '1', '7');
INSERT INTO `device` VALUES ('2507', '0', '2018-01-11 15:49:14', null, '0140000', '863909495773913', '460028734706540', 'F3EHVEL4TKKV7WVQ', '', '1', '4');
INSERT INTO `device` VALUES ('2558', '0', '2018-01-09 15:04:01', null, '0140000', '861516033512180', '460077245349064', null, null, '1', '2');
INSERT INTO `device` VALUES ('2657', '0', '2018-01-11 15:49:12', null, '0140000', 'mueB08da6CIEhAE', '460008626550743', 'I5AE49XC57SE', '', '1', '4');
INSERT INTO `device` VALUES ('44207', '0', '2018-01-11 15:49:45', null, '0140000', '860018800348782', '460020008583135', '06ecddbb', '13400805998', '1', '5');
INSERT INTO `device` VALUES ('56569', '0', '2018-01-11 15:49:19', null, '0140000', '868198546556609', '460020007601603', 'de019c3ef', '13400775751', '1', '8');
INSERT INTO `device` VALUES ('56570', '0', '2018-01-11 15:49:19', null, '0140000', '867291206659200', '460020008583135', '66347618', '13400805998', '1', '2');
INSERT INTO `device` VALUES ('56571', '0', '2018-01-11 15:49:21', null, '0140000', '866831110634228', '460020008594825', '3ae715d8', '13400871098', '1', '5');
INSERT INTO `device` VALUES ('56572', '0', '2018-01-09 15:05:56', null, '0140000', '862090983682368', '460020008591549', null, null, '1', '6');
INSERT INTO `device` VALUES ('56573', '0', '2018-01-11 15:49:18', null, '0140000', '865394891094733', '460020009562460', 'b74986050', '13400903011', '1', '2');
INSERT INTO `device` VALUES ('56574', '0', '2018-01-11 15:49:21', null, '0140000', '862397502587873', '460020009565526', '8d7fd1a', '13400904436', '1', '3');
INSERT INTO `device` VALUES ('56575', '0', '2018-01-11 15:49:21', null, '0140000', '864875381929041', '460020009543894', 'bf5a01002d', '13400913487', '1', '6');
INSERT INTO `device` VALUES ('56576', '0', '2018-01-11 15:49:47', null, '0140000', '867520363291914', '460020009565092', 'ca1008664', '13400937320', '1', '0');
INSERT INTO `device` VALUES ('56577', '0', '2018-01-09 15:05:56', null, '0140000', '864154162104376', '460020017357252', null, null, '1', '0');
INSERT INTO `device` VALUES ('56578', '0', '2018-01-11 15:49:45', null, '0140000', '863572913550400', '460020019162274', '91ab7e2c', '13401916484', '1', '0');
INSERT INTO `device` VALUES ('56579', '0', '2018-01-11 15:49:18', null, '0140000', '862309994241711', '460026201066645', '57f773669c', '13402903547', '1', '0');
INSERT INTO `device` VALUES ('56580', '1', '2018-01-11 15:49:45', null, '0140000', '869989402223741', '460023296890949', '437a505fe', '13402906931', '1', '4');
INSERT INTO `device` VALUES ('56581', '1', '2018-01-11 15:49:16', null, '0140000', '861869857959239', '460023092854161', 'ca42543b', '13402974527', '1', '5');
INSERT INTO `device` VALUES ('56582', '1', '2018-01-11 15:49:18', null, '0140000', '861198514299478', '460007140182534', 'ddb7e0f', '13403043731', '1', '6');
INSERT INTO `device` VALUES ('56583', '1', '2018-01-09 15:17:57', null, '0140000', '862302239827006', '460020829474843', null, null, '1', '3');
INSERT INTO `device` VALUES ('56584', '1', '2018-01-11 15:49:18', null, '0140000', '869717521923127', '460020731836765', 'f17464fbf', '13403381797', '1', '7');
INSERT INTO `device` VALUES ('56585', '1', '2018-01-11 15:49:21', null, '0140000', '868038406683673', '460004184959626', '46b5e32', '13403673924', '1', '5');
INSERT INTO `device` VALUES ('56586', '1', '2018-01-11 15:49:47', null, '0140000', '860092592009191', '460020037761771', '77041ce1d5', '13403778847', '1', '9');
INSERT INTO `device` VALUES ('56587', '1', '2018-01-09 15:05:56', null, '0140000', '869187437456564', '460023394272287', null, null, '1', '3');
INSERT INTO `device` VALUES ('56588', '1', '2018-01-11 15:49:16', null, '0140000', '860803151898620', '460023394555360', 'ddf5d4', '13403859378', '1', '3');
INSERT INTO `device` VALUES ('56589', '1', '2018-01-11 15:49:16', null, '0140000', '865033370152576', '460026039460250', '88c036ce', '13403899202', '1', '4');
INSERT INTO `device` VALUES ('56590', '1', '2018-01-11 15:49:21', null, '0140000', '860195682825499', '460007213860356', 'e2395b', '13404986172', '1', '3');
INSERT INTO `device` VALUES ('56591', '1', '2018-01-11 15:49:18', null, '0140000', '869094932714119', '460007213834729', '8f4ea7', '13404990355', '1', '6');
INSERT INTO `device` VALUES ('56592', '1', '2018-01-11 15:49:45', null, '0140000', '861793559801483', '460008514847284', 'ed91a2', '13404998536', '1', '5');
INSERT INTO `device` VALUES ('56593', '1', '2018-01-09 15:23:21', null, '0140000', '861308599134041', '460029525053329', '15c13a2', '13405578963', '1', '7');
INSERT INTO `device` VALUES ('56594', '1', '2018-01-11 15:49:19', null, '0140000', '864286704377092', '460020059673676', '73a90f9360', '13405998872', '1', '2');
INSERT INTO `device` VALUES ('56596', '1', '2018-01-11 15:49:19', null, '0140000', '865326652363212', '460020796232553', 'c42fef', '13407068558', '1', '6');
INSERT INTO `device` VALUES ('56597', '1', '2018-01-11 15:49:19', null, '0140000', '869234626177385', '460003940985894', '16012c4', '13407242011', '1', '5');
INSERT INTO `device` VALUES ('56600', '1', '2018-01-11 15:49:18', null, '0140000', '861247444424050', '460029740495449', '773ad642', '13407458795', '1', '2');
INSERT INTO `device` VALUES ('56601', '1', '2018-01-11 15:49:16', null, '0140000', '865305219774855', '460028745299600', '44c29c6c6', '13407459732', '1', '8');
INSERT INTO `device` VALUES ('56602', '1', '2018-01-11 15:49:18', null, '0140000', '868918353766532', '460000433728114', '75530ab', '13407945024', '1', '8');
INSERT INTO `device` VALUES ('56603', '1', '2018-01-09 15:05:56', null, '0140000', '868082102166062', '460007532692894', null, null, '1', '3');
INSERT INTO `device` VALUES ('56604', '1', '2018-01-11 15:49:16', null, '0140000', '861806838303269', '460020082511688', 'b72dc5bd1', '13408251646', '1', '2');
INSERT INTO `device` VALUES ('56605', '1', '2018-01-11 15:49:45', null, '0140000', '863190400276098', '460079870379298', '4cf40fa52f', '13408819799', '1', '5');
INSERT INTO `device` VALUES ('56606', '1', '2018-01-11 15:49:16', null, '0140000', '861323785532403', '460008040765116', 'b6cb521a', '13408864880', '1', '5');
INSERT INTO `device` VALUES ('56607', '1', '2018-01-11 15:49:45', null, '0140000', '860939290439072', '460007330757592', '0d3ce4', '13408990704', '1', '4');
INSERT INTO `device` VALUES ('56608', '1', '2018-01-11 15:49:21', null, '0140000', '863049116407886', '460029297026569', 'ab4b9612', '13409175670', '1', '2');
INSERT INTO `device` VALUES ('56609', '1', '2018-01-11 15:49:16', null, '0140000', '863045435710307', '460026361330845', '324b18a', '13409206221', '1', '8');
INSERT INTO `device` VALUES ('56610', '1', '2018-01-11 15:49:19', null, '0140000', '863452421591750', '460020094549844', 'c2bfee4b0', '13409319287', '1', '2');
INSERT INTO `device` VALUES ('56611', '1', '2018-01-11 15:49:47', null, '0140000', '864089409032024', '460020037565175', 'd0df938c45', '13409339925', '1', '4');
INSERT INTO `device` VALUES ('56612', '1', '2018-01-11 15:49:18', null, '0140000', '864445126245226', '460021374520771', '301d16b', '13409354124', '1', '4');
INSERT INTO `device` VALUES ('56613', '1', '2018-01-11 15:49:45', null, '0140000', '869181493971855', '460029072641665', 'a58ca7', '13409617037', '1', '9');
INSERT INTO `device` VALUES ('56614', '1', '2018-01-11 15:49:19', null, '0140000', '863884182587710', '460007141988491', '3cc393', '13409695756', '1', '4');
INSERT INTO `device` VALUES ('56615', '1', '2018-01-11 15:49:47', null, '0140000', '863110659277035', '460020096753554', '0586bfb8', '13409706447', '1', '6');
INSERT INTO `device` VALUES ('56616', '1', '2018-01-09 15:05:56', null, '0140000', '866375828899459', '460002734767336', null, null, '1', '2');
INSERT INTO `device` VALUES ('56618', '1', '2018-01-11 15:49:16', null, '0140000', '866332747952687', '460020101170044', 'c4dd410c7', '13410164720', '1', '8');
INSERT INTO `device` VALUES ('56620', '1', '2018-01-09 15:05:56', null, '0140000', '868054389552108', '460020106211616', null, null, '1', '2');
INSERT INTO `device` VALUES ('56621', '1', '2018-01-11 15:49:47', null, '0140000', '868364300139863', '460020106171873', 'da25e7', '13410665205', '1', '4');
INSERT INTO `device` VALUES ('56622', '1', '2018-01-11 15:49:18', null, '0140000', '869141768774640', '460020109326197', '507961f5', '13410888912', '1', '4');
INSERT INTO `device` VALUES ('56624', '1', '2018-01-11 15:49:21', null, '0140000', '868275611770339', '460020113087965', 'c93a64e9', '13411331634', '1', '8');
INSERT INTO `device` VALUES ('56625', '1', '2018-01-11 15:49:21', null, '0140000', '861011167028328', '460020277972551', '8ca2370a3', '13411409417', '1', '0');
INSERT INTO `device` VALUES ('56626', '1', '2018-01-11 15:49:47', null, '0140000', '861669638074518', '460020114041198', '3962938', '13411422675', '1', '0');
INSERT INTO `device` VALUES ('56627', '1', '2018-01-11 15:49:47', null, '0140000', '868682408192165', '460020115542751', '43069e3fb7', '13411577774', '1', '0');
INSERT INTO `device` VALUES ('56628', '1', '2018-01-11 15:49:21', null, '0140000', '862727956057355', '460020116440878', '6e5064981', '13411640808', '1', '0');
INSERT INTO `device` VALUES ('56629', '1', '2018-01-11 15:49:45', null, '0140000', '863446897187440', '460020154374754', 'a2a2c4131', '13411649514', '1', '0');
INSERT INTO `device` VALUES ('56630', '1', '2018-01-11 15:49:47', null, '0140000', '861038415482205', '460020117474102', '85ad7eab6', '13411726415', '1', '0');
INSERT INTO `device` VALUES ('56631', '1', '2018-01-11 15:49:45', null, '0140000', '861438543106553', '460020117519478', '815d1949', '13411774149', '1', '0');
INSERT INTO `device` VALUES ('56632', '1', '2018-01-11 15:49:19', null, '0140000', '864338837552495', '460020118137467', '292395', '13411808387', '1', '0');
INSERT INTO `device` VALUES ('56634', '1', '2018-01-11 15:49:19', null, '0140000', '869002603006509', '460020120866997', '3c9bca7ebb', '13412013071', '1', '0');
INSERT INTO `device` VALUES ('56635', '1', '2018-01-11 15:49:21', null, '0140000', '868109724971148', '460020120798779', 'c25788', '13412037167', '1', '0');
INSERT INTO `device` VALUES ('56636', '1', '2018-01-09 15:05:56', null, '0140000', '865061567789728', '460020169047642', null, null, '1', '0');
INSERT INTO `device` VALUES ('56637', '1', '2018-01-11 15:49:47', null, '0140000', '866340515920729', '460020130733530', 'c979c6d2a1', '13413088506', '1', '0');
INSERT INTO `device` VALUES ('56638', '1', '2018-01-11 15:49:47', null, '0140000', '863309733925672', '460020130643524', '4a4f420ea', '13413098460', '1', '0');
INSERT INTO `device` VALUES ('56639', '1', '2018-01-11 15:49:16', null, '0140000', '866713173461188', '460020133336225', '4599cabc', '13413367066', '1', '0');
INSERT INTO `device` VALUES ('56640', '1', '2018-01-11 15:49:19', null, '0140000', '866661591066057', '460020133510102', 'a93a90ba17', '13413384247', '1', '0');
INSERT INTO `device` VALUES ('56641', '1', '2018-01-09 15:05:56', null, '0140000', '864103308617676', '460020150854341', null, null, '1', '0');
INSERT INTO `device` VALUES ('56642', '1', '2018-01-11 15:49:45', null, '0140000', '861471767782833', '460020172111968', 'daa50c17f', '13413594185', '1', '0');
INSERT INTO `device` VALUES ('56643', '1', '2018-01-11 15:49:16', null, '0140000', '862461439832628', '460020138380150', '96111d6d99', '13413812395', '1', '0');
INSERT INTO `device` VALUES ('56644', '1', '2018-01-09 15:05:56', null, '0140000', '866380667242381', '460020138785964', null, null, '1', '0');
INSERT INTO `device` VALUES ('56645', '1', '2018-01-11 15:49:18', null, '0140000', '867463846676353', '460020138815769', 'd1c518f056', '13413882973', '1', '0');
INSERT INTO `device` VALUES ('56646', '1', '2018-01-09 15:05:56', null, '0140000', '866522881052126', '460020140372501', null, null, '1', '0');

-- ----------------------------
-- Table structure for `rule`
-- ----------------------------
DROP TABLE IF EXISTS `rule`;
CREATE TABLE `rule` (
  `month` varchar(7) NOT NULL,
  `channel` varchar(45) NOT NULL,
  `noLogin` float NOT NULL,
  `activelyDays7` float NOT NULL,
  `abTime` float NOT NULL,
  `t000` int(11) NOT NULL,
  `t001` int(11) NOT NULL,
  `t010` int(11) NOT NULL,
  `t011` int(11) NOT NULL,
  `t100` int(11) NOT NULL,
  `t101` int(11) NOT NULL,
  `t110` int(11) NOT NULL,
  `t111` int(11) NOT NULL,
  `r000` varchar(10) NOT NULL,
  `r001` varchar(10) NOT NULL,
  `r010` varchar(10) NOT NULL,
  `r011` varchar(10) NOT NULL,
  `r100` varchar(10) NOT NULL,
  `r101` varchar(10) NOT NULL,
  `r110` varchar(10) NOT NULL,
  `r111` varchar(10) NOT NULL,
  `s000` varchar(10) NOT NULL,
  `s001` varchar(10) NOT NULL,
  `s010` varchar(10) NOT NULL,
  `s011` varchar(10) NOT NULL,
  `s100` varchar(10) NOT NULL,
  `s101` varchar(10) NOT NULL,
  `s110` varchar(10) NOT NULL,
  `s111` varchar(10) NOT NULL,
  PRIMARY KEY (`month`,`channel`)
) ENGINE=InnoDB DEFAULT CHARSET=utf8 COMMENT='规则数据表';

-- ----------------------------
-- Records of rule
-- ----------------------------
INSERT INTO `rule` VALUES ('2018-1', '0140000', '0.5', '0.1', '0.1', '500', '2500', '2800', '200', '300', '700', '200', '2800', '100.00%', '20.00%', '85.71%', '0.00%', '0.00%', '0.00%', '0.00%', '0.00%', '5.00%', '25.00%', '28.00%', '2.00%', '3.00%', '7.00%', '2.00%', '28.00%');
INSERT INTO `rule` VALUES ('2018-2', '0140000', '0.5', '0.1', '0.1', '500', '2500', '2800', '200', '300', '700', '200', '2800', '100.00%', '20.00%', '85.71%', '0.00%', '0.00%', '0.00%', '0.00%', '0.00%', '5.00%', '25.00%', '28.00%', '2.00%', '3.00%', '7.00%', '2.00%', '28.00%');

-- ----------------------------
-- Table structure for `script`
-- ----------------------------
DROP TABLE IF EXISTS `script`;
CREATE TABLE `script` (
  `id` int(11) NOT NULL COMMENT '脚本编号',
  `type` int(11) DEFAULT NULL COMMENT '脚本类型',
  `play_time` float DEFAULT NULL COMMENT '播放时长',
  `location` varchar(45) DEFAULT NULL COMMENT '脚本地址',
  `comment` varchar(200) DEFAULT NULL COMMENT '脚本说明',
  `create_time` datetime DEFAULT NULL COMMENT '脚本创建时间',
  PRIMARY KEY (`id`)
) ENGINE=InnoDB DEFAULT CHARSET=utf8 COMMENT='脚本表';

-- ----------------------------
-- Records of script
-- ----------------------------
INSERT INTO `script` VALUES ('1', '2', '40000', 'D:/ControlCenter/scripts/1_play.lua.E3', '登录状态下在“推荐”页面向上滑动1次，随机点击一部视频观看，退出视频，点击刷新，随机点击一部视频观看，退出视频，向上滑屏1次，退出应用。', '2018-02-01 14:28:33');
INSERT INTO `script` VALUES ('2', '2', '50000', 'D:/ControlCenter/scripts/2_play.lua.E3', '登录状态下在“推荐”页面向上滑动1次，随机点击一部视频观看，退出视频，点击刷新，随机点击一部视频观看，退出视频，向上滑屏1次，退出应用。', '2018-02-01 14:28:33');
INSERT INTO `script` VALUES ('3', '2', '60000', 'D:/ControlCenter/scripts/3_play.lua.E3', '登录状态下在“推荐”页面向上滑动1次，随机点击一部视频观看，退出视频，点击刷新，随机点击一部视频观看，退出视频，向上滑屏1次，退出应用。', '2018-02-01 14:28:33');
INSERT INTO `script` VALUES ('4', '2', '70000', 'D:/ControlCenter/scripts/4_play.lua.E3', '登录状态下在“推荐”页面向上滑动1次，随机点击一部视频观看，退出视频，点击刷新，随机点击一部视频观看，退出视频，向上滑屏1次，退出应用。', '2018-02-01 14:28:33');
INSERT INTO `script` VALUES ('5', '2', '80000', 'D:/ControlCenter/scripts/5_play.lua.E3', '登录状态下在“推荐”页面向上滑动1次，随机点击一部视频观看，退出视频，点击刷新，随机点击一部视频观看，退出视频，向上滑屏1次，退出应用。', '2018-02-01 14:28:33');
INSERT INTO `script` VALUES ('6', '2', '90000', 'D:/ControlCenter/scripts/6_play.lua.E3', '登录状态下在“推荐”页面向上滑动1次，随机点击一部视频观看，退出视频，点击刷新，随机点击一部视频观看，退出视频，向上滑屏1次，退出应用。', '2018-02-01 14:28:33');
INSERT INTO `script` VALUES ('7', '2', '100000', 'D:/ControlCenter/scripts/7_play.lua.E3', '登录状态下在“推荐”页面向上滑动1次，随机点击一部视频观看，退出视频，点击刷新，随机点击一部视频观看，退出视频，向上滑屏1次，退出应用。', '2018-02-01 14:28:33');
INSERT INTO `script` VALUES ('8', '2', '110000', 'D:/ControlCenter/scripts/8_play.lua.E3', '登录状态下在“推荐”页面向上滑动1次，随机点击一部视频观看，退出视频，点击刷新，随机点击一部视频观看，退出视频，向上滑屏1次，退出应用。', '2018-02-01 14:28:33');
INSERT INTO `script` VALUES ('9', '2', '120000', 'D:/ControlCenter/scripts/9_play.lua.E3', '登录状态下在“推荐”页面向上滑动1次，随机点击一部视频观看，退出视频，点击刷新，随机点击一部视频观看，退出视频，向上滑屏1次，退出应用。', '2018-02-01 14:28:33');
INSERT INTO `script` VALUES ('10', '2', '130000', 'D:/ControlCenter/scripts/10_play.lua.E3', '登录状态下在“推荐”页面向上滑动1次，随机点击一部视频观看，退出视频，点击刷新，随机点击一部视频观看，退出视频，向上滑屏1次，退出应用。', '2018-02-01 14:28:33');
INSERT INTO `script` VALUES ('11', '2', '40000', 'D:/ControlCenter/scripts/11_play.lua.E3', '登录状态下在“我的”页面点击“个人资料”按钮，退出，点击“我的奖品”按钮，向左滑屏2次，退出，向上滑屏2次，点击“推荐”按钮，向上滑屏6次，向左滑屏2次，退出应用。', '2018-02-01 14:28:33');
INSERT INTO `script` VALUES ('12', '2', '50000', 'D:/ControlCenter/scripts/12_play.lua.E3', '登录状态下在“我的”页面点击“个人资料”按钮，退出，点击“我的奖品”按钮，向左滑屏2次，退出，向上滑屏2次，点击“推荐”按钮，向上滑屏6次，向左滑屏2次，退出应用。', '2018-02-01 14:28:33');
INSERT INTO `script` VALUES ('13', '2', '60000', 'D:/ControlCenter/scripts/13_play.lua.E3', '登录状态下在“我的”页面点击“个人资料”按钮，退出，点击“我的奖品”按钮，向左滑屏2次，退出，向上滑屏2次，点击“推荐”按钮，向上滑屏6次，向左滑屏2次，退出应用。', '2018-02-01 14:28:33');
INSERT INTO `script` VALUES ('14', '2', '70000', 'D:/ControlCenter/scripts/14_play.lua.E3', '登录状态下在“我的”页面点击“个人资料”按钮，退出，点击“我的奖品”按钮，向左滑屏2次，退出，向上滑屏2次，点击“推荐”按钮，向上滑屏6次，向左滑屏2次，退出应用。', '2018-02-01 14:28:33');
INSERT INTO `script` VALUES ('15', '2', '80000', 'D:/ControlCenter/scripts/15_play.lua.E3', '登录状态下在“我的”页面点击“个人资料”按钮，退出，点击“我的奖品”按钮，向左滑屏2次，退出，向上滑屏2次，点击“推荐”按钮，向上滑屏6次，向左滑屏2次，退出应用。', '2018-02-01 14:28:33');
INSERT INTO `script` VALUES ('16', '2', '90000', 'D:/ControlCenter/scripts/16_play.lua.E3', '登录状态下在“我的”页面点击“个人资料”按钮，退出，点击“我的奖品”按钮，向左滑屏2次，退出，向上滑屏2次，点击“推荐”按钮，向上滑屏6次，向左滑屏2次，退出应用。', '2018-02-01 14:28:33');
INSERT INTO `script` VALUES ('17', '2', '100000', 'D:/ControlCenter/scripts/17_play.lua.E3', '登录状态下在“我的”页面点击“个人资料”按钮，退出，点击“我的奖品”按钮，向左滑屏2次，退出，向上滑屏2次，点击“推荐”按钮，向上滑屏6次，向左滑屏2次，退出应用。', '2018-02-01 14:28:33');
INSERT INTO `script` VALUES ('18', '2', '110000', 'D:/ControlCenter/scripts/18_play.lua.E3', '登录状态下在“我的”页面点击“个人资料”按钮，退出，点击“我的奖品”按钮，向左滑屏2次，退出，向上滑屏2次，点击“推荐”按钮，向上滑屏6次，向左滑屏2次，退出应用。', '2018-02-01 14:28:33');
INSERT INTO `script` VALUES ('19', '2', '120000', 'D:/ControlCenter/scripts/19_play.lua.E3', '登录状态下在“我的”页面点击“个人资料”按钮，退出，点击“我的奖品”按钮，向左滑屏2次，退出，向上滑屏2次，点击“推荐”按钮，向上滑屏6次，向左滑屏2次，退出应用。', '2018-02-01 14:28:33');
INSERT INTO `script` VALUES ('20', '2', '130000', 'D:/ControlCenter/scripts/20_play.lua.E3', '登录状态下在“我的”页面点击“个人资料”按钮，退出，点击“我的奖品”按钮，向左滑屏2次，退出，向上滑屏2次，点击“推荐”按钮，向上滑屏6次，向左滑屏2次，退出应用。', '2018-02-01 14:28:33');
INSERT INTO `script` VALUES ('21', '2', '40000', 'D:/ControlCenter/scripts/21_play.lua.E3', '登录状态下,向上滑屏1次，点击“动画”按钮，随机点击“月票榜”，“人气榜”，“打赏榜”按钮，随机播放2次动画，退出动画、退出xx榜，向上滑屏3次，退出应用。', '2018-02-01 14:28:33');
INSERT INTO `script` VALUES ('22', '2', '50000', 'D:/ControlCenter/scripts/22_play.lua.E3', '登录状态下,向上滑屏1次，点击“动画”按钮，随机点击“月票榜”，“人气榜”，“打赏榜”按钮，随机播放2次动画，退出动画、退出xx榜，向上滑屏3次，退出应用。', '2018-02-01 14:28:33');
INSERT INTO `script` VALUES ('23', '2', '60000', 'D:/ControlCenter/scripts/23_play.lua.E3', '登录状态下,向上滑屏1次，点击“动画”按钮，随机点击“月票榜”，“人气榜”，“打赏榜”按钮，随机播放2次动画，退出动画、退出xx榜，向上滑屏3次，退出应用。', '2018-02-01 14:28:33');
INSERT INTO `script` VALUES ('24', '2', '70000', 'D:/ControlCenter/scripts/24_play.lua.E3', '登录状态下,向上滑屏1次，点击“动画”按钮，随机点击“月票榜”，“人气榜”，“打赏榜”按钮，随机播放2次动画，退出动画、退出xx榜，向上滑屏3次，退出应用。', '2018-02-01 14:28:33');
INSERT INTO `script` VALUES ('25', '2', '80000', 'D:/ControlCenter/scripts/25_play.lua.E3', '登录状态下,向上滑屏1次，点击“动画”按钮，随机点击“月票榜”，“人气榜”，“打赏榜”按钮，随机播放2次动画，退出动画、退出xx榜，向上滑屏3次，退出应用。', '2018-02-01 14:28:33');
INSERT INTO `script` VALUES ('26', '2', '90000', 'D:/ControlCenter/scripts/26_play.lua.E3', '登录状态下,向上滑屏1次，点击“动画”按钮，随机点击“月票榜”，“人气榜”，“打赏榜”按钮，随机播放2次动画，退出动画、退出xx榜，向上滑屏3次，退出应用。', '2018-02-01 14:28:33');
INSERT INTO `script` VALUES ('27', '2', '100000', 'D:/ControlCenter/scripts/27_play.lua.E3', '登录状态下,向上滑屏1次，点击“动画”按钮，随机点击“月票榜”，“人气榜”，“打赏榜”按钮，随机播放2次动画，退出动画、退出xx榜，向上滑屏3次，退出应用。', '2018-02-01 14:28:33');
INSERT INTO `script` VALUES ('28', '2', '110000', 'D:/ControlCenter/scripts/28_play.lua.E3', '登录状态下,向上滑屏1次，点击“动画”按钮，随机点击“月票榜”，“人气榜”，“打赏榜”按钮，随机播放2次动画，退出动画、退出xx榜，向上滑屏3次，退出应用。', '2018-02-01 14:28:33');
INSERT INTO `script` VALUES ('29', '2', '120000', 'D:/ControlCenter/scripts/29_play.lua.E3', '登录状态下,向上滑屏1次，点击“动画”按钮，随机点击“月票榜”，“人气榜”，“打赏榜”按钮，随机播放2次动画，退出动画、退出xx榜，向上滑屏3次，退出应用。', '2018-02-01 14:28:33');
INSERT INTO `script` VALUES ('30', '2', '130000', 'D:/ControlCenter/scripts/30_play.lua.E3', '登录状态下,向上滑屏1次，点击“动画”按钮，随机点击“月票榜”，“人气榜”，“打赏榜”按钮，随机播放2次动画，退出动画、退出xx榜，向上滑屏3次，退出应用。', '2018-02-01 14:28:33');
INSERT INTO `script` VALUES ('31', '3', '40000', 'D:/ControlCenter/scripts/31_play.lua.E3', '非登录状态下在“视频”页面向上滑动1次，随机点击一部视频观看，退出视频，向上滑屏3次，随机点击一部视频观看，退出视频，向上滑屏2次，点击“推荐”按钮，随机向上滑屏1次，退出应用。', '2018-02-01 14:28:33');
INSERT INTO `script` VALUES ('32', '3', '50000', 'D:/ControlCenter/scripts/32_play.lua.E3', '非登录状态下在“视频”页面向上滑动1次，随机点击一部视频观看，退出视频，向上滑屏3次，随机点击一部视频观看，退出视频，向上滑屏2次，点击“推荐”按钮，随机向上滑屏1次，退出应用。', '2018-02-01 14:28:33');
INSERT INTO `script` VALUES ('33', '3', '60000', 'D:/ControlCenter/scripts/33_play.lua.E3', '非登录状态下在“视频”页面向上滑动1次，随机点击一部视频观看，退出视频，向上滑屏3次，随机点击一部视频观看，退出视频，向上滑屏2次，点击“推荐”按钮，随机向上滑屏1次，退出应用。', '2018-02-01 14:28:33');
INSERT INTO `script` VALUES ('34', '3', '70000', 'D:/ControlCenter/scripts/34_play.lua.E3', '非登录状态下在“视频”页面向上滑动1次，随机点击一部视频观看，退出视频，向上滑屏3次，随机点击一部视频观看，退出视频，向上滑屏2次，点击“推荐”按钮，随机向上滑屏1次，退出应用。', '2018-02-01 14:28:33');
INSERT INTO `script` VALUES ('35', '3', '80000', 'D:/ControlCenter/scripts/35_play.lua.E3', '非登录状态下在“视频”页面向上滑动1次，随机点击一部视频观看，退出视频，向上滑屏3次，随机点击一部视频观看，退出视频，向上滑屏2次，点击“推荐”按钮，随机向上滑屏1次，退出应用。', '2018-02-01 14:28:33');
INSERT INTO `script` VALUES ('36', '3', '90000', 'D:/ControlCenter/scripts/36_play.lua.E3', '非登录状态下在“视频”页面向上滑动1次，随机点击一部视频观看，退出视频，向上滑屏3次，随机点击一部视频观看，退出视频，向上滑屏2次，点击“推荐”按钮，随机向上滑屏1次，退出应用。', '2018-02-01 14:28:33');
INSERT INTO `script` VALUES ('37', '3', '100000', 'D:/ControlCenter/scripts/37_play.lua.E3', '非登录状态下在“视频”页面向上滑动1次，随机点击一部视频观看，退出视频，向上滑屏3次，随机点击一部视频观看，退出视频，向上滑屏2次，点击“推荐”按钮，随机向上滑屏1次，退出应用。', '2018-02-01 14:28:33');
INSERT INTO `script` VALUES ('38', '3', '110000', 'D:/ControlCenter/scripts/38_play.lua.E3', '非登录状态下在“视频”页面向上滑动1次，随机点击一部视频观看，退出视频，向上滑屏3次，随机点击一部视频观看，退出视频，向上滑屏2次，点击“推荐”按钮，随机向上滑屏1次，退出应用。', '2018-02-01 14:28:33');
INSERT INTO `script` VALUES ('39', '3', '120000', 'D:/ControlCenter/scripts/39_play.lua.E3', '非登录状态下在“视频”页面向上滑动1次，随机点击一部视频观看，退出视频，向上滑屏3次，随机点击一部视频观看，退出视频，向上滑屏2次，点击“推荐”按钮，随机向上滑屏1次，退出应用。', '2018-02-01 14:28:33');
INSERT INTO `script` VALUES ('40', '3', '130000', 'D:/ControlCenter/scripts/40_play.lua.E3', '非登录状态下在“视频”页面向上滑动1次，随机点击一部视频观看，退出视频，向上滑屏3次，随机点击一部视频观看，退出视频，向上滑屏2次，点击“推荐”按钮，随机向上滑屏1次，退出应用。', '2018-02-01 14:28:33');
INSERT INTO `script` VALUES ('41', '3', '40000', 'D:/ControlCenter/scripts/41_play.lua.E3', '非登录状态下，点击“发现”按钮，向上滑屏2次，点击游戏栏目中的任意按钮，点击任意视频观看，退出视频，随机点击“最热”按钮切换成“最新”，点击任意视频观看，退出视频，退出游戏频道，退出应用。', '2018-02-01 14:28:33');
INSERT INTO `script` VALUES ('42', '3', '50000', 'D:/ControlCenter/scripts/42_play.lua.E3', '非登录状态下，点击“发现”按钮，向上滑屏2次，点击游戏栏目中的任意按钮，点击任意视频观看，退出视频，随机点击“最热”按钮切换成“最新”，点击任意视频观看，退出视频，退出游戏频道，退出应用。', '2018-02-01 14:28:33');
INSERT INTO `script` VALUES ('43', '3', '60000', 'D:/ControlCenter/scripts/43_play.lua.E3', '非登录状态下，点击“发现”按钮，向上滑屏2次，点击游戏栏目中的任意按钮，点击任意视频观看，退出视频，随机点击“最热”按钮切换成“最新”，点击任意视频观看，退出视频，退出游戏频道，退出应用。', '2018-02-01 14:28:33');
INSERT INTO `script` VALUES ('44', '3', '70000', 'D:/ControlCenter/scripts/44_play.lua.E3', '非登录状态下，点击“发现”按钮，向上滑屏2次，点击游戏栏目中的任意按钮，点击任意视频观看，退出视频，随机点击“最热”按钮切换成“最新”，点击任意视频观看，退出视频，退出游戏频道，退出应用。', '2018-02-01 14:28:33');
INSERT INTO `script` VALUES ('45', '3', '80000', 'D:/ControlCenter/scripts/45_play.lua.E3', '非登录状态下，点击“发现”按钮，向上滑屏2次，点击游戏栏目中的任意按钮，点击任意视频观看，退出视频，随机点击“最热”按钮切换成“最新”，点击任意视频观看，退出视频，退出游戏频道，退出应用。', '2018-02-01 14:28:33');
INSERT INTO `script` VALUES ('46', '3', '90000', 'D:/ControlCenter/scripts/46_play.lua.E3', '非登录状态下，点击“发现”按钮，向上滑屏2次，点击游戏栏目中的任意按钮，点击任意视频观看，退出视频，随机点击“最热”按钮切换成“最新”，点击任意视频观看，退出视频，退出游戏频道，退出应用。', '2018-02-01 14:28:33');
INSERT INTO `script` VALUES ('47', '3', '100000', 'D:/ControlCenter/scripts/47_play.lua.E3', '非登录状态下，点击“发现”按钮，向上滑屏2次，点击游戏栏目中的任意按钮，点击任意视频观看，退出视频，随机点击“最热”按钮切换成“最新”，点击任意视频观看，退出视频，退出游戏频道，退出应用。', '2018-02-01 14:28:33');
INSERT INTO `script` VALUES ('48', '3', '110000', 'D:/ControlCenter/scripts/48_play.lua.E3', '非登录状态下，点击“发现”按钮，向上滑屏2次，点击游戏栏目中的任意按钮，点击任意视频观看，退出视频，随机点击“最热”按钮切换成“最新”，点击任意视频观看，退出视频，退出游戏频道，退出应用。', '2018-02-01 14:28:33');
INSERT INTO `script` VALUES ('49', '3', '120000', 'D:/ControlCenter/scripts/49_play.lua.E3', '非登录状态下，点击“发现”按钮，向上滑屏2次，点击游戏栏目中的任意按钮，点击任意视频观看，退出视频，随机点击“最热”按钮切换成“最新”，点击任意视频观看，退出视频，退出游戏频道，退出应用。', '2018-02-01 14:28:33');
INSERT INTO `script` VALUES ('50', '3', '130000', 'D:/ControlCenter/scripts/50_play.lua.E3', '非登录状态下，点击“发现”按钮，向上滑屏2次，点击游戏栏目中的任意按钮，点击任意视频观看，退出视频，随机点击“最热”按钮切换成“最新”，点击任意视频观看，退出视频，退出游戏频道，退出应用。', '2018-02-01 14:28:33');

-- ----------------------------
-- Table structure for `task`
-- ----------------------------
DROP TABLE IF EXISTS `task`;
CREATE TABLE `task` (
  `id` varchar(30) NOT NULL COMMENT '任务流水号',
  `device_id` bigint(18) NOT NULL COMMENT '设备编号',
  `operation` int(11) NOT NULL COMMENT '操作 1，注册；2，登录；3，其他',
  `script_id` int(11) DEFAULT NULL COMMENT '对应脚本号',
  `download_url` varchar(100) DEFAULT NULL COMMENT '下载地址',
  `status` int(11) DEFAULT NULL COMMENT '状态：1，新建；2，执行中；3，执行成功，4，执行失败',
  `create_time` datetime DEFAULT NULL COMMENT '创建时间，Server端生成任务的时间',
  `valid_time` datetime DEFAULT NULL COMMENT '生效时间',
  `invalid_time` datetime DEFAULT NULL COMMENT '失效时间',
  `execute_time` datetime DEFAULT NULL COMMENT '执行时间，对方调用接口开始执行的时间。',
  `result_time` datetime DEFAULT NULL COMMENT '结果时间，得到对方返回结果的时间。',
  `ip` varchar(45) DEFAULT NULL COMMENT '执行任务的IP',
  PRIMARY KEY (`id`)
) ENGINE=InnoDB DEFAULT CHARSET=utf8 COMMENT='任务表';

-- ----------------------------
-- Records of task
-- ----------------------------
INSERT INTO `task` VALUES ('277124934263115975', '776', '3', '46', 'http://gkitty.ddns.net:13838/task/download/46', '1', '2018-02-01 14:47:33', '2018-03-02 03:08:17', '2018-03-02 23:59:59', null, null, null);
INSERT INTO `task` VALUES ('277124934503965421', '834', '3', '47', 'http://gkitty.ddns.net:13838/task/download/47', '1', '2018-02-01 14:47:33', '2018-02-17 02:56:08', '2018-02-17 23:59:59', null, null, null);
INSERT INTO `task` VALUES ('277124934579404318', '879', '3', '46', 'http://gkitty.ddns.net:13838/task/download/46', '1', '2018-02-01 14:47:33', '2018-02-12 04:00:42', '2018-02-12 23:59:59', null, null, null);
INSERT INTO `task` VALUES ('277124934628254976', '902', '3', '48', 'http://gkitty.ddns.net:13838/task/download/48', '1', '2018-02-01 14:47:33', '2018-02-04 03:16:09', '2018-02-04 23:59:59', null, null, null);
INSERT INTO `task` VALUES ('277124934711423971', '913', '3', '41', 'http://gkitty.ddns.net:13838/task/download/41', '1', '2018-02-01 14:47:33', '2018-02-15 02:38:22', '2018-02-15 23:59:59', null, null, null);
INSERT INTO `task` VALUES ('277124934746051313', '776', '3', '34', 'http://gkitty.ddns.net:13838/task/download/34', '1', '2018-02-01 14:47:33', '2018-03-10 15:45:05', '2018-03-10 23:59:59', null, null, null);
INSERT INTO `task` VALUES ('277124934789955710', '776', '3', '47', 'http://gkitty.ddns.net:13838/task/download/47', '1', '2018-02-01 14:47:33', '2018-03-11 12:21:00', '2018-03-11 23:59:59', null, null, null);
INSERT INTO `task` VALUES ('277124934864776526', '776', '3', '31', 'http://gkitty.ddns.net:13838/task/download/31', '1', '2018-02-01 14:47:33', '2018-03-12 12:20:28', '2018-03-12 23:59:59', null, null, null);
INSERT INTO `task` VALUES ('277124934917645989', '834', '3', '37', 'http://gkitty.ddns.net:13838/task/download/37', '1', '2018-02-01 14:47:33', '2018-02-18 13:45:23', '2018-02-18 23:59:59', null, null, null);
INSERT INTO `task` VALUES ('277124934951037899', '834', '3', '31', 'http://gkitty.ddns.net:13838/task/download/31', '1', '2018-02-01 14:47:33', '2018-02-20 04:48:28', '2018-02-20 23:59:59', null, null, null);
INSERT INTO `task` VALUES ('277124934984119839', '834', '3', '32', 'http://gkitty.ddns.net:13838/task/download/32', '1', '2018-02-01 14:47:33', '2018-02-21 19:55:02', '2018-02-21 23:59:59', null, null, null);
INSERT INTO `task` VALUES ('277124935016582535', '834', '3', '39', 'http://gkitty.ddns.net:13838/task/download/39', '1', '2018-02-01 14:47:33', '2018-02-24 13:15:59', '2018-02-24 23:59:59', null, null, null);
INSERT INTO `task` VALUES ('277124935048737462', '834', '3', '34', 'http://gkitty.ddns.net:13838/task/download/34', '1', '2018-02-01 14:47:33', '2018-02-24 11:02:02', '2018-02-24 23:59:59', null, null, null);
INSERT INTO `task` VALUES ('277124935084292236', '879', '3', '50', 'http://gkitty.ddns.net:13838/task/download/50', '1', '2018-02-01 14:47:33', '2018-02-13 14:44:25', '2018-02-13 23:59:59', null, null, null);
INSERT INTO `task` VALUES ('277124935142727920', '879', '3', '31', 'http://gkitty.ddns.net:13838/task/download/31', '1', '2018-02-01 14:47:33', '2018-02-15 14:42:47', '2018-02-15 23:59:59', null, null, null);
INSERT INTO `task` VALUES ('277124935174263427', '879', '3', '43', 'http://gkitty.ddns.net:13838/task/download/43', '1', '2018-02-01 14:47:33', '2018-02-17 01:32:32', '2018-02-17 23:59:59', null, null, null);
INSERT INTO `task` VALUES ('277124935205799197', '902', '3', '31', 'http://gkitty.ddns.net:13838/task/download/31', '1', '2018-02-01 14:47:33', '2018-02-12 11:42:52', '2018-02-12 23:59:59', null, null, null);
INSERT INTO `task` VALUES ('277124935236408349', '902', '3', '50', 'http://gkitty.ddns.net:13838/task/download/50', '1', '2018-02-01 14:47:33', '2018-02-13 02:41:27', '2018-02-13 23:59:59', null, null, null);
INSERT INTO `task` VALUES ('277124935423770715', '921', '3', '45', 'http://gkitty.ddns.net:13838/task/download/45', '1', '2018-02-01 14:47:33', '2018-02-05 20:48:53', '2018-02-05 23:59:59', null, null, null);
INSERT INTO `task` VALUES ('277124935480968235', '939', '3', '40', 'http://gkitty.ddns.net:13838/task/download/40', '1', '2018-02-01 14:47:33', '2018-03-02 22:55:41', '2018-03-02 23:59:59', null, null, null);
INSERT INTO `task` VALUES ('277124935547442772', '981', '3', '48', 'http://gkitty.ddns.net:13838/task/download/48', '1', '2018-02-01 14:47:33', '2018-02-23 08:58:07', '2018-02-23 23:59:59', null, null, null);
INSERT INTO `task` VALUES ('277124935745934209', '1134', '3', '37', 'http://gkitty.ddns.net:13838/task/download/37', '1', '2018-02-01 14:47:33', '2018-02-28 18:52:33', '2018-02-28 23:59:59', null, null, null);
INSERT INTO `task` VALUES ('277124935783035484', '1160', '3', '33', 'http://gkitty.ddns.net:13838/task/download/33', '1', '2018-02-01 14:47:33', '2018-02-18 19:58:33', '2018-02-18 23:59:59', null, null, null);
INSERT INTO `task` VALUES ('277124935824775404', '1202', '3', '41', 'http://gkitty.ddns.net:13838/task/download/41', '1', '2018-02-01 14:47:33', '2018-02-21 17:16:55', '2018-02-21 23:59:59', null, null, null);
INSERT INTO `task` VALUES ('277124935852601682', '1214', '3', '33', 'http://gkitty.ddns.net:13838/task/download/33', '1', '2018-02-01 14:47:33', '2018-02-06 19:23:32', '2018-02-06 23:59:59', null, null, null);
INSERT INTO `task` VALUES ('277124935888465563', '1218', '3', '50', 'http://gkitty.ddns.net:13838/task/download/50', '1', '2018-02-01 14:47:33', '2018-02-18 22:34:31', '2018-02-18 23:59:59', null, null, null);
INSERT INTO `task` VALUES ('277124935955557554', '1235', '3', '34', 'http://gkitty.ddns.net:13838/task/download/34', '1', '2018-02-01 14:47:33', '2018-03-02 00:43:09', '2018-03-02 23:59:59', null, null, null);
INSERT INTO `task` VALUES ('277124936015847448', '1290', '3', '46', 'http://gkitty.ddns.net:13838/task/download/46', '1', '2018-02-01 14:47:33', '2018-02-21 16:53:19', '2018-02-21 23:59:59', null, null, null);
INSERT INTO `task` VALUES ('277124936044910456', '1326', '3', '43', 'http://gkitty.ddns.net:13838/task/download/43', '1', '2018-02-01 14:47:33', '2018-02-18 21:08:58', '2018-02-18 23:59:59', null, null, null);
INSERT INTO `task` VALUES ('277124936073972109', '1390', '3', '39', 'http://gkitty.ddns.net:13838/task/download/39', '1', '2018-02-01 14:47:33', '2018-02-16 01:29:31', '2018-02-16 23:59:59', null, null, null);
INSERT INTO `task` VALUES ('277124936102417814', '1423', '3', '31', 'http://gkitty.ddns.net:13838/task/download/31', '1', '2018-02-01 14:47:33', '2018-02-12 14:32:58', '2018-02-12 23:59:59', null, null, null);
INSERT INTO `task` VALUES ('277124936131170739', '1509', '3', '31', 'http://gkitty.ddns.net:13838/task/download/31', '1', '2018-02-01 14:47:33', '2018-02-28 12:55:29', '2018-02-28 23:59:59', null, null, null);
INSERT INTO `task` VALUES ('277124936159615595', '1610', '3', '40', 'http://gkitty.ddns.net:13838/task/download/40', '1', '2018-02-01 14:47:33', '2018-02-03 12:28:49', '2018-02-03 23:59:59', null, null, null);
INSERT INTO `task` VALUES ('277124936188059643', '1768', '3', '39', 'http://gkitty.ddns.net:13838/task/download/39', '1', '2018-02-01 14:47:33', '2018-02-04 09:49:02', '2018-02-04 23:59:59', null, null, null);
INSERT INTO `task` VALUES ('277124936215885868', '1809', '3', '47', 'http://gkitty.ddns.net:13838/task/download/47', '1', '2018-02-01 14:47:33', '2018-02-03 13:18:33', '2018-02-03 23:59:59', null, null, null);
INSERT INTO `task` VALUES ('277124936243402235', '1814', '3', '40', 'http://gkitty.ddns.net:13838/task/download/40', '1', '2018-02-01 14:47:33', '2018-02-19 20:01:16', '2018-02-19 23:59:59', null, null, null);
INSERT INTO `task` VALUES ('277124936271228491', '1832', '3', '40', 'http://gkitty.ddns.net:13838/task/download/40', '1', '2018-02-01 14:47:33', '2018-02-11 10:29:42', '2018-02-11 23:59:59', null, null, null);
INSERT INTO `task` VALUES ('277124936298745321', '1867', '3', '45', 'http://gkitty.ddns.net:13838/task/download/45', '1', '2018-02-01 14:47:33', '2018-02-05 18:37:02', '2018-02-05 23:59:59', null, null, null);
INSERT INTO `task` VALUES ('277124936331209886', '1873', '3', '50', 'http://gkitty.ddns.net:13838/task/download/50', '1', '2018-02-01 14:47:33', '2018-02-01 21:11:40', '2018-02-01 23:59:59', null, null, null);
INSERT INTO `task` VALUES ('277124936360581759', '1905', '3', '35', 'http://gkitty.ddns.net:13838/task/download/35', '1', '2018-02-01 14:47:33', '2018-02-13 13:11:44', '2018-02-13 23:59:59', null, null, null);
INSERT INTO `task` VALUES ('277124936388407746', '1918', '3', '49', 'http://gkitty.ddns.net:13838/task/download/49', '1', '2018-02-01 14:47:33', '2018-02-05 15:19:46', '2018-02-05 23:59:59', null, null, null);
INSERT INTO `task` VALUES ('277124936430146275', '1948', '3', '48', 'http://gkitty.ddns.net:13838/task/download/48', '1', '2018-02-01 14:47:33', '2018-02-01 11:41:31', '2018-02-01 23:59:59', null, null, null);
INSERT INTO `task` VALUES ('277124936470957291', '1979', '3', '38', 'http://gkitty.ddns.net:13838/task/download/38', '1', '2018-02-01 14:47:33', '2018-02-17 07:47:47', '2018-02-17 23:59:59', null, null, null);
INSERT INTO `task` VALUES ('277124936514242447', '981', '3', '46', 'http://gkitty.ddns.net:13838/task/download/46', '1', '2018-02-01 14:47:33', '2018-03-03 14:32:40', '2018-03-03 23:59:59', null, null, null);
INSERT INTO `task` VALUES ('277124936559073743', '981', '3', '43', 'http://gkitty.ddns.net:13838/task/download/43', '1', '2018-02-01 14:47:33', '2018-03-04 14:00:06', '2018-03-04 23:59:59', null, null, null);
INSERT INTO `task` VALUES ('277124936592464417', '981', '3', '36', 'http://gkitty.ddns.net:13838/task/download/36', '1', '2018-02-01 14:47:33', '2018-03-05 10:18:07', '2018-03-05 23:59:59', null, null, null);
INSERT INTO `task` VALUES ('277124936623073714', '1214', '3', '32', 'http://gkitty.ddns.net:13838/task/download/32', '1', '2018-02-01 14:47:33', '2018-02-07 07:38:12', '2018-02-07 23:59:59', null, null, null);
INSERT INTO `task` VALUES ('277124936657701390', '1235', '3', '47', 'http://gkitty.ddns.net:13838/task/download/47', '1', '2018-02-01 14:47:33', '2018-03-10 10:26:21', '2018-03-10 23:59:59', null, null, null);
INSERT INTO `task` VALUES ('277124936721701912', '1290', '3', '31', 'http://gkitty.ddns.net:13838/task/download/31', '1', '2018-02-01 14:47:33', '2018-02-22 08:29:59', '2018-02-22 23:59:59', null, null, null);
INSERT INTO `task` VALUES ('277124936778281879', '1290', '3', '38', 'http://gkitty.ddns.net:13838/task/download/38', '1', '2018-02-01 14:47:33', '2018-02-22 15:42:04', '2018-02-22 23:59:59', null, null, null);
INSERT INTO `task` VALUES ('277124936805488372', '1290', '3', '42', 'http://gkitty.ddns.net:13838/task/download/42', '1', '2018-02-01 14:47:33', '2018-02-24 10:33:07', '2018-02-24 23:59:59', null, null, null);
INSERT INTO `task` VALUES ('277124936832387847', '1290', '3', '41', 'http://gkitty.ddns.net:13838/task/download/41', '1', '2018-02-01 14:47:33', '2018-02-24 19:53:05', '2018-02-24 23:59:59', null, null, null);
INSERT INTO `task` VALUES ('277124936860831183', '1326', '3', '47', 'http://gkitty.ddns.net:13838/task/download/47', '1', '2018-02-01 14:47:33', '2018-02-19 23:15:11', '2018-02-19 23:59:59', null, null, null);
INSERT INTO `task` VALUES ('277124936895150841', '1326', '3', '42', 'http://gkitty.ddns.net:13838/task/download/42', '1', '2018-02-01 14:47:33', '2018-02-19 07:20:56', '2018-02-19 23:59:59', null, null, null);
INSERT INTO `task` VALUES ('277124936952966834', '1326', '3', '38', 'http://gkitty.ddns.net:13838/task/download/38', '1', '2018-02-01 14:47:33', '2018-02-20 15:42:28', '2018-02-20 23:59:59', null, null, null);
INSERT INTO `task` VALUES ('277124936982647672', '1326', '3', '37', 'http://gkitty.ddns.net:13838/task/download/37', '1', '2018-02-01 14:47:33', '2018-02-20 06:31:03', '2018-02-20 23:59:59', null, null, null);
INSERT INTO `task` VALUES ('277124937013875260', '1326', '3', '41', 'http://gkitty.ddns.net:13838/task/download/41', '1', '2018-02-01 14:47:33', '2018-02-26 08:22:38', '2018-02-26 23:59:59', null, null, null);
INSERT INTO `task` VALUES ('277124937041082385', '1326', '3', '45', 'http://gkitty.ddns.net:13838/task/download/45', '1', '2018-02-01 14:47:33', '2018-02-26 10:39:57', '2018-02-26 23:59:59', null, null, null);
INSERT INTO `task` VALUES ('277124937081894899', '1423', '3', '50', 'http://gkitty.ddns.net:13838/task/download/50', '1', '2018-02-01 14:47:33', '2018-02-19 23:45:18', '2018-02-19 23:59:59', null, null, null);
INSERT INTO `task` VALUES ('277124937124560665', '1423', '3', '33', 'http://gkitty.ddns.net:13838/task/download/33', '1', '2018-02-01 14:47:33', '2018-02-19 13:52:11', '2018-02-19 23:59:59', null, null, null);
INSERT INTO `task` VALUES ('277124937152386433', '1610', '3', '45', 'http://gkitty.ddns.net:13838/task/download/45', '1', '2018-02-01 14:47:33', '2018-02-05 06:49:37', '2018-02-05 23:59:59', null, null, null);
INSERT INTO `task` VALUES ('277124937178976351', '1610', '3', '39', 'http://gkitty.ddns.net:13838/task/download/39', '1', '2018-02-01 14:47:33', '2018-02-05 08:35:59', '2018-02-05 23:59:59', null, null, null);
INSERT INTO `task` VALUES ('277124937232773584', '1809', '3', '46', 'http://gkitty.ddns.net:13838/task/download/46', '1', '2018-02-01 14:47:33', '2018-02-05 17:59:11', '2018-02-05 23:59:59', null, null, null);
INSERT INTO `task` VALUES ('277124937258435717', '1809', '3', '37', 'http://gkitty.ddns.net:13838/task/download/37', '1', '2018-02-01 14:47:33', '2018-02-05 11:13:43', '2018-02-05 23:59:59', null, null, null);
INSERT INTO `task` VALUES ('277124937295536446', '1809', '3', '31', 'http://gkitty.ddns.net:13838/task/download/31', '1', '2018-02-01 14:47:33', '2018-02-07 00:12:17', '2018-02-07 23:59:59', null, null, null);
INSERT INTO `task` VALUES ('277124937349951518', '1809', '3', '45', 'http://gkitty.ddns.net:13838/task/download/45', '1', '2018-02-01 14:47:33', '2018-02-07 16:47:36', '2018-02-07 23:59:59', null, null, null);
INSERT INTO `task` VALUES ('277124937377777136', '1809', '3', '38', 'http://gkitty.ddns.net:13838/task/download/38', '1', '2018-02-01 14:47:33', '2018-02-09 01:45:42', '2018-02-09 23:59:59', null, null, null);
INSERT INTO `task` VALUES ('277124937404985592', '1809', '3', '44', 'http://gkitty.ddns.net:13838/task/download/44', '1', '2018-02-01 14:47:33', '2018-02-09 19:30:14', '2018-02-09 23:59:59', null, null, null);
INSERT INTO `task` VALUES ('277124937430956186', '1867', '3', '50', 'http://gkitty.ddns.net:13838/task/download/50', '1', '2018-02-01 14:47:33', '2018-02-12 17:47:11', '2018-02-12 23:59:59', null, null, null);
INSERT INTO `task` VALUES ('277124937456927705', '1867', '3', '36', 'http://gkitty.ddns.net:13838/task/download/36', '1', '2018-02-01 14:47:33', '2018-02-13 03:54:02', '2018-02-13 23:59:59', null, null, null);
INSERT INTO `task` VALUES ('277124937482589318', '1873', '3', '46', 'http://gkitty.ddns.net:13838/task/download/46', '1', '2018-02-01 14:47:33', '2018-02-08 20:05:42', '2018-02-08 23:59:59', null, null, null);
INSERT INTO `task` VALUES ('277124937508560245', '1873', '3', '32', 'http://gkitty.ddns.net:13838/task/download/32', '1', '2018-02-01 14:47:33', '2018-02-08 23:36:21', '2018-02-08 23:59:59', null, null, null);
INSERT INTO `task` VALUES ('277124937565758799', '1873', '3', '31', 'http://gkitty.ddns.net:13838/task/download/31', '1', '2018-02-01 14:47:33', '2018-02-10 05:43:55', '2018-02-10 23:59:59', null, null, null);
INSERT INTO `task` VALUES ('277124937593275842', '1873', '3', '41', 'http://gkitty.ddns.net:13838/task/download/41', '1', '2018-02-01 14:47:33', '2018-02-10 15:11:15', '2018-02-10 23:59:59', null, null, null);
INSERT INTO `task` VALUES ('277124937620792981', '1873', '3', '50', 'http://gkitty.ddns.net:13838/task/download/50', '1', '2018-02-01 14:47:33', '2018-02-12 04:51:46', '2018-02-12 23:59:59', null, null, null);
INSERT INTO `task` VALUES ('277124937647381798', '1873', '3', '35', 'http://gkitty.ddns.net:13838/task/download/35', '1', '2018-02-01 14:47:33', '2018-02-12 22:55:10', '2018-02-12 23:59:59', null, null, null);
INSERT INTO `task` VALUES ('277124937673352273', '1905', '3', '33', 'http://gkitty.ddns.net:13838/task/download/33', '1', '2018-02-01 14:47:33', '2018-02-20 02:43:12', '2018-02-20 23:59:59', null, null, null);
INSERT INTO `task` VALUES ('277124937699941824', '1905', '3', '35', 'http://gkitty.ddns.net:13838/task/download/35', '1', '2018-02-01 14:47:33', '2018-02-20 21:11:03', '2018-02-20 23:59:59', null, null, null);
INSERT INTO `task` VALUES ('277124937726840136', '1905', '3', '38', 'http://gkitty.ddns.net:13838/task/download/38', '1', '2018-02-01 14:47:33', '2018-02-21 19:58:42', '2018-02-21 23:59:59', null, null, null);
INSERT INTO `task` VALUES ('277124937754047992', '1905', '3', '31', 'http://gkitty.ddns.net:13838/task/download/31', '1', '2018-02-01 14:47:33', '2018-02-21 17:07:38', '2018-02-21 23:59:59', null, null, null);
INSERT INTO `task` VALUES ('277124937780328494', '1905', '3', '48', 'http://gkitty.ddns.net:13838/task/download/48', '1', '2018-02-01 14:47:33', '2018-02-22 07:31:03', '2018-02-22 23:59:59', null, null, null);
INSERT INTO `task` VALUES ('277124937805989133', '1905', '3', '37', 'http://gkitty.ddns.net:13838/task/download/37', '1', '2018-02-01 14:47:33', '2018-02-22 05:12:54', '2018-02-22 23:59:59', null, null, null);
INSERT INTO `task` VALUES ('277124937831960939', '1918', '3', '31', 'http://gkitty.ddns.net:13838/task/download/31', '1', '2018-02-01 14:47:33', '2018-02-06 06:42:44', '2018-02-06 23:59:59', null, null, null);
INSERT INTO `task` VALUES ('277124937857931522', '1918', '3', '49', 'http://gkitty.ddns.net:13838/task/download/49', '1', '2018-02-01 14:47:33', '2018-02-06 18:25:02', '2018-02-06 23:59:59', null, null, null);
INSERT INTO `task` VALUES ('277124937884521678', '1918', '3', '31', 'http://gkitty.ddns.net:13838/task/download/31', '1', '2018-02-01 14:47:33', '2018-02-08 18:08:11', '2018-02-08 23:59:59', null, null, null);
INSERT INTO `task` VALUES ('277124937911110684', '1918', '3', '40', 'http://gkitty.ddns.net:13838/task/download/40', '1', '2018-02-01 14:47:33', '2018-02-08 11:45:52', '2018-02-08 23:59:59', null, null, null);
INSERT INTO `task` VALUES ('277124937937699591', '1918', '3', '33', 'http://gkitty.ddns.net:13838/task/download/33', '1', '2018-02-01 14:47:33', '2018-02-09 14:12:18', '2018-02-09 23:59:59', null, null, null);
INSERT INTO `task` VALUES ('277124937963980534', '1918', '3', '44', 'http://gkitty.ddns.net:13838/task/download/44', '1', '2018-02-01 14:47:33', '2018-02-09 21:52:50', '2018-02-09 23:59:59', null, null, null);
INSERT INTO `task` VALUES ('277124937989951419', '1948', '3', '31', 'http://gkitty.ddns.net:13838/task/download/31', '1', '2018-02-01 14:47:33', '2018-02-09 19:03:46', '2018-02-09 23:59:59', null, null, null);
INSERT INTO `task` VALUES ('277124938017158713', '1948', '3', '49', 'http://gkitty.ddns.net:13838/task/download/49', '1', '2018-02-01 14:47:33', '2018-02-09 22:06:05', '2018-02-09 23:59:59', null, null, null);
INSERT INTO `task` VALUES ('277124938065390688', '1948', '3', '49', 'http://gkitty.ddns.net:13838/task/download/49', '1', '2018-02-01 14:47:33', '2018-02-11 03:32:53', '2018-02-11 23:59:59', null, null, null);
INSERT INTO `task` VALUES ('277124938104656544', '1948', '3', '43', 'http://gkitty.ddns.net:13838/task/download/43', '1', '2018-02-01 14:47:33', '2018-02-11 17:51:50', '2018-02-11 23:59:59', null, null, null);
INSERT INTO `task` VALUES ('277124938132791732', '1948', '3', '47', 'http://gkitty.ddns.net:13838/task/download/47', '1', '2018-02-01 14:47:33', '2018-02-12 03:32:38', '2018-02-12 23:59:59', null, null, null);
INSERT INTO `task` VALUES ('277124938159071322', '1948', '3', '42', 'http://gkitty.ddns.net:13838/task/download/42', '1', '2018-02-01 14:47:33', '2018-02-12 20:00:24', '2018-02-12 23:59:59', null, null, null);
INSERT INTO `task` VALUES ('277124938255226171', '1981', '3', '50', 'http://gkitty.ddns.net:13838/task/download/50', '1', '2018-02-01 14:47:33', '2018-02-04 03:48:15', '2018-02-04 23:59:59', null, null, null);
INSERT INTO `task` VALUES ('277124938287071741', '2037', '3', '36', 'http://gkitty.ddns.net:13838/task/download/36', '1', '2018-02-01 14:47:33', '2018-02-03 04:50:42', '2018-02-03 23:59:59', null, null, null);
INSERT INTO `task` VALUES ('277124938315825589', '2044', '3', '36', 'http://gkitty.ddns.net:13838/task/download/36', '1', '2018-02-01 14:47:33', '2018-02-24 02:52:02', '2018-02-24 23:59:59', null, null, null);
INSERT INTO `task` VALUES ('277124938343651651', '2083', '3', '47', 'http://gkitty.ddns.net:13838/task/download/47', '1', '2018-02-01 14:47:33', '2018-02-25 02:38:54', '2018-02-25 23:59:59', null, null, null);
INSERT INTO `task` VALUES ('277124938370549733', '2121', '3', '41', 'http://gkitty.ddns.net:13838/task/download/41', '1', '2018-02-01 14:47:33', '2018-02-01 02:52:34', '2018-02-01 23:59:59', null, null, null);
INSERT INTO `task` VALUES ('277124938396829979', '2130', '3', '33', 'http://gkitty.ddns.net:13838/task/download/33', '1', '2018-02-01 14:47:33', '2018-02-04 03:36:23', '2018-02-04 23:59:59', null, null, null);
INSERT INTO `task` VALUES ('277124938423419190', '2187', '3', '47', 'http://gkitty.ddns.net:13838/task/download/47', '1', '2018-02-01 14:47:33', '2018-02-21 02:50:56', '2018-02-21 23:59:59', null, null, null);
INSERT INTO `task` VALUES ('277124938450626643', '2201', '3', '41', 'http://gkitty.ddns.net:13838/task/download/41', '1', '2018-02-01 14:47:33', '2018-02-16 03:55:49', '2018-02-16 23:59:59', null, null, null);
INSERT INTO `task` VALUES ('277124938476907835', '2220', '3', '47', 'http://gkitty.ddns.net:13838/task/download/47', '1', '2018-02-01 14:47:33', '2018-02-08 02:56:01', '2018-02-08 23:59:59', null, null, null);
INSERT INTO `task` VALUES ('277124938506897278', '2258', '3', '36', 'http://gkitty.ddns.net:13838/task/download/36', '1', '2018-02-01 14:47:33', '2018-02-09 03:41:22', '2018-02-09 23:59:59', null, null, null);
INSERT INTO `task` VALUES ('277124938585428687', '2287', '3', '44', 'http://gkitty.ddns.net:13838/task/download/44', '1', '2018-02-01 14:47:33', '2018-02-11 02:54:03', '2018-02-11 23:59:59', null, null, null);
INSERT INTO `task` VALUES ('277124938622530770', '2298', '3', '44', 'http://gkitty.ddns.net:13838/task/download/44', '1', '2018-02-01 14:47:33', '2018-02-04 04:32:31', '2018-02-04 23:59:59', null, null, null);
INSERT INTO `task` VALUES ('277124938650974871', '2321', '3', '44', 'http://gkitty.ddns.net:13838/task/download/44', '1', '2018-02-01 14:47:33', '2018-03-02 02:31:24', '2018-03-02 23:59:59', null, null, null);
INSERT INTO `task` VALUES ('277124938681583772', '2333', '3', '31', 'http://gkitty.ddns.net:13838/task/download/31', '1', '2018-02-01 14:47:33', '2018-02-03 03:20:23', '2018-02-03 23:59:59', null, null, null);
INSERT INTO `task` VALUES ('277124938710645962', '2361', '3', '33', 'http://gkitty.ddns.net:13838/task/download/33', '1', '2018-02-01 14:47:33', '2018-02-20 02:57:01', '2018-02-20 23:59:59', null, null, null);
INSERT INTO `task` VALUES ('277124938737235405', '2363', '3', '46', 'http://gkitty.ddns.net:13838/task/download/46', '1', '2018-02-01 14:47:33', '2018-02-19 02:52:36', '2018-02-19 23:59:59', null, null, null);
INSERT INTO `task` VALUES ('277124938764133987', '2447', '3', '35', 'http://gkitty.ddns.net:13838/task/download/35', '1', '2018-02-01 14:47:33', '2018-02-15 02:46:50', '2018-02-15 23:59:59', null, null, null);
INSERT INTO `task` VALUES ('277124938790723912', '2467', '3', '37', 'http://gkitty.ddns.net:13838/task/download/37', '1', '2018-02-01 14:47:33', '2018-02-27 02:33:55', '2018-02-27 23:59:59', null, null, null);
INSERT INTO `task` VALUES ('277124938816694967', '2507', '3', '39', 'http://gkitty.ddns.net:13838/task/download/39', '1', '2018-02-01 14:47:33', '2018-02-05 04:56:11', '2018-02-05 23:59:59', null, null, null);
INSERT INTO `task` VALUES ('277124938845447675', '2558', '3', '50', 'http://gkitty.ddns.net:13838/task/download/50', '1', '2018-02-01 14:47:33', '2018-02-18 02:25:34', '2018-02-18 23:59:59', null, null, null);
INSERT INTO `task` VALUES ('277124938872036847', '2657', '3', '31', 'http://gkitty.ddns.net:13838/task/download/31', '1', '2018-02-01 14:47:33', '2018-03-01 02:24:14', '2018-03-01 23:59:59', null, null, null);
INSERT INTO `task` VALUES ('277124938907901920', '44207', '3', '43', 'http://gkitty.ddns.net:13838/task/download/43', '1', '2018-02-01 14:47:33', '2018-02-28 04:22:30', '2018-02-28 23:59:59', null, null, null);
INSERT INTO `task` VALUES ('277124938963553808', '56569', '3', '50', 'http://gkitty.ddns.net:13838/task/download/50', '1', '2018-02-01 14:47:33', '2018-02-17 03:30:35', '2018-02-17 23:59:59', null, null, null);
INSERT INTO `task` VALUES ('277124938991379663', '56570', '3', '39', 'http://gkitty.ddns.net:13838/task/download/39', '1', '2018-02-01 14:47:33', '2018-02-09 03:24:16', '2018-02-09 23:59:59', null, null, null);
INSERT INTO `task` VALUES ('277124939018587451', '56571', '3', '50', 'http://gkitty.ddns.net:13838/task/download/50', '1', '2018-02-01 14:47:33', '2018-02-21 04:35:09', '2018-02-21 23:59:59', null, null, null);
INSERT INTO `task` VALUES ('277124939047959337', '56572', '3', '31', 'http://gkitty.ddns.net:13838/task/download/31', '1', '2018-02-01 14:47:33', '2018-02-12 02:36:04', '2018-02-12 23:59:59', null, null, null);
INSERT INTO `task` VALUES ('277124939075167887', '56573', '3', '34', 'http://gkitty.ddns.net:13838/task/download/34', '1', '2018-02-01 14:47:33', '2018-02-18 03:14:23', '2018-02-18 23:59:59', null, null, null);
INSERT INTO `task` VALUES ('277124939132055511', '1981', '3', '32', 'http://gkitty.ddns.net:13838/task/download/32', '1', '2018-02-01 14:47:33', '2018-02-10 10:18:54', '2018-02-10 23:59:59', null, null, null);
INSERT INTO `task` VALUES ('277124939161737298', '2037', '3', '41', 'http://gkitty.ddns.net:13838/task/download/41', '1', '2018-02-01 14:47:33', '2018-02-09 13:37:38', '2018-02-09 23:59:59', null, null, null);
INSERT INTO `task` VALUES ('277124939188635653', '2044', '3', '46', 'http://gkitty.ddns.net:13838/task/download/46', '1', '2018-02-01 14:47:33', '2018-03-02 16:42:34', '2018-03-02 23:59:59', null, null, null);
INSERT INTO `task` VALUES ('277124939218316249', '2083', '3', '31', 'http://gkitty.ddns.net:13838/task/download/31', '1', '2018-02-01 14:47:33', '2018-03-03 19:44:09', '2018-03-03 23:59:59', null, null, null);
INSERT INTO `task` VALUES ('277124939250780677', '2121', '3', '42', 'http://gkitty.ddns.net:13838/task/download/42', '1', '2018-02-01 14:47:33', '2018-02-07 19:37:21', '2018-02-07 23:59:59', null, null, null);
INSERT INTO `task` VALUES ('277124939292828882', '2130', '3', '43', 'http://gkitty.ddns.net:13838/task/download/43', '1', '2018-02-01 14:47:33', '2018-02-10 15:24:24', '2018-02-10 23:59:59', null, null, null);
INSERT INTO `task` VALUES ('277124939333640118', '2187', '3', '39', 'http://gkitty.ddns.net:13838/task/download/39', '1', '2018-02-01 14:47:33', '2018-02-27 01:57:08', '2018-02-27 23:59:59', null, null, null);
INSERT INTO `task` VALUES ('277124939412171535', '2201', '3', '48', 'http://gkitty.ddns.net:13838/task/download/48', '1', '2018-02-01 14:47:33', '2018-02-22 23:27:06', '2018-02-22 23:59:59', null, null, null);
INSERT INTO `task` VALUES ('277124939441234880', '2220', '3', '34', 'http://gkitty.ddns.net:13838/task/download/34', '1', '2018-02-01 14:47:33', '2018-02-14 21:10:19', '2018-02-14 23:59:59', null, null, null);
INSERT INTO `task` VALUES ('277124939467823772', '2258', '3', '35', 'http://gkitty.ddns.net:13838/task/download/35', '1', '2018-02-01 14:47:33', '2018-02-15 07:27:15', '2018-02-15 23:59:59', null, null, null);
INSERT INTO `task` VALUES ('277124939494412950', '2287', '3', '48', 'http://gkitty.ddns.net:13838/task/download/48', '1', '2018-02-01 14:47:33', '2018-02-17 17:32:40', '2018-02-17 23:59:59', null, null, null);
INSERT INTO `task` VALUES ('277124939524094644', '2298', '3', '37', 'http://gkitty.ddns.net:13838/task/download/37', '1', '2018-02-01 14:47:33', '2018-02-10 05:07:04', '2018-02-10 23:59:59', null, null, null);
INSERT INTO `task` VALUES ('277124939567997418', '2321', '3', '41', 'http://gkitty.ddns.net:13838/task/download/41', '1', '2018-02-01 14:47:33', '2018-03-08 19:47:07', '2018-03-08 23:59:59', null, null, null);
INSERT INTO `task` VALUES ('277124939613137172', '2333', '3', '46', 'http://gkitty.ddns.net:13838/task/download/46', '1', '2018-02-01 14:47:33', '2018-02-09 04:22:24', '2018-02-09 23:59:59', null, null, null);
INSERT INTO `task` VALUES ('277124939652712860', '2361', '3', '37', 'http://gkitty.ddns.net:13838/task/download/37', '1', '2018-02-01 14:47:33', '2018-02-26 17:47:14', '2018-02-26 23:59:59', null, null, null);
INSERT INTO `task` VALUES ('277124939679301483', '2363', '3', '47', 'http://gkitty.ddns.net:13838/task/download/47', '1', '2018-02-01 14:47:33', '2018-02-25 11:47:52', '2018-02-25 23:59:59', null, null, null);
INSERT INTO `task` VALUES ('277124939705581611', '2447', '3', '46', 'http://gkitty.ddns.net:13838/task/download/46', '1', '2018-02-01 14:47:33', '2018-02-21 00:08:51', '2018-02-21 23:59:59', null, null, null);
INSERT INTO `task` VALUES ('277124939731862401', '2467', '3', '32', 'http://gkitty.ddns.net:13838/task/download/32', '1', '2018-02-01 14:47:33', '2018-03-05 17:16:41', '2018-03-05 23:59:59', null, null, null);
INSERT INTO `task` VALUES ('277124939761233937', '2507', '3', '39', 'http://gkitty.ddns.net:13838/task/download/39', '1', '2018-02-01 14:47:33', '2018-02-11 01:59:53', '2018-02-11 23:59:59', null, null, null);
INSERT INTO `task` VALUES ('277124939786895458', '2558', '3', '49', 'http://gkitty.ddns.net:13838/task/download/49', '1', '2018-02-01 14:47:33', '2018-02-24 17:46:40', '2018-02-24 23:59:59', null, null, null);
INSERT INTO `task` VALUES ('277124939812557187', '2657', '3', '43', 'http://gkitty.ddns.net:13838/task/download/43', '1', '2018-02-01 14:47:33', '2018-03-07 06:12:47', '2018-03-07 23:59:59', null, null, null);
INSERT INTO `task` VALUES ('277124939841929577', '44207', '3', '50', 'http://gkitty.ddns.net:13838/task/download/50', '1', '2018-02-01 14:47:33', '2018-03-06 15:39:44', '2018-03-06 23:59:59', null, null, null);
INSERT INTO `task` VALUES ('277124939870683215', '56569', '3', '34', 'http://gkitty.ddns.net:13838/task/download/34', '1', '2018-02-01 14:47:33', '2018-02-23 09:41:27', '2018-02-23 23:59:59', null, null, null);
INSERT INTO `task` VALUES ('277124939896344974', '56570', '3', '44', 'http://gkitty.ddns.net:13838/task/download/44', '1', '2018-02-01 14:47:33', '2018-02-15 19:24:30', '2018-02-15 23:59:59', null, null, null);
INSERT INTO `task` VALUES ('277124939921388581', '56571', '3', '36', 'http://gkitty.ddns.net:13838/task/download/36', '1', '2018-02-01 14:47:33', '2018-02-27 15:52:27', '2018-02-27 23:59:59', null, null, null);
INSERT INTO `task` VALUES ('277124939949832247', '56572', '3', '32', 'http://gkitty.ddns.net:13838/task/download/32', '1', '2018-02-01 14:47:33', '2018-02-18 02:51:42', '2018-02-18 23:59:59', null, null, null);
INSERT INTO `task` VALUES ('277124939976112254', '56573', '3', '36', 'http://gkitty.ddns.net:13838/task/download/36', '1', '2018-02-01 14:47:33', '2018-02-24 23:32:15', '2018-02-24 23:59:59', null, null, null);
INSERT INTO `task` VALUES ('277124940002702180', '2083', '3', '48', 'http://gkitty.ddns.net:13838/task/download/48', '1', '2018-02-01 14:47:33', '2018-02-27 02:58:12', '2018-02-27 23:59:59', null, null, null);
INSERT INTO `task` VALUES ('277124940028982323', '2083', '3', '40', 'http://gkitty.ddns.net:13838/task/download/40', '1', '2018-02-01 14:47:33', '2018-02-28 22:42:13', '2018-02-28 23:59:59', null, null, null);
INSERT INTO `task` VALUES ('277124940054335175', '2121', '3', '50', 'http://gkitty.ddns.net:13838/task/download/50', '1', '2018-02-01 14:47:33', '2018-02-02 14:05:31', '2018-02-02 23:59:59', null, null, null);
INSERT INTO `task` VALUES ('277124940079996239', '2121', '3', '35', 'http://gkitty.ddns.net:13838/task/download/35', '1', '2018-02-01 14:47:33', '2018-02-02 06:19:57', '2018-02-02 23:59:59', null, null, null);
INSERT INTO `task` VALUES ('277124940105349900', '2121', '3', '40', 'http://gkitty.ddns.net:13838/task/download/40', '1', '2018-02-01 14:47:33', '2018-02-08 22:36:16', '2018-02-08 23:59:59', null, null, null);
INSERT INTO `task` VALUES ('277124940132557117', '2121', '3', '37', 'http://gkitty.ddns.net:13838/task/download/37', '1', '2018-02-01 14:47:33', '2018-02-10 11:38:48', '2018-02-10 23:59:59', null, null, null);
INSERT INTO `task` VALUES ('277124940164402532', '2121', '3', '41', 'http://gkitty.ddns.net:13838/task/download/41', '1', '2018-02-01 14:47:33', '2018-02-11 03:22:35', '2018-02-11 23:59:59', null, null, null);
INSERT INTO `task` VALUES ('277124940218817933', '2130', '3', '41', 'http://gkitty.ddns.net:13838/task/download/41', '1', '2018-02-01 14:47:33', '2018-02-11 12:19:09', '2018-02-11 23:59:59', null, null, null);
INSERT INTO `task` VALUES ('277124940244479703', '2130', '3', '34', 'http://gkitty.ddns.net:13838/task/download/34', '1', '2018-02-01 14:47:33', '2018-02-12 22:29:14', '2018-02-12 23:59:59', null, null, null);
INSERT INTO `task` VALUES ('277124940273542663', '2187', '3', '32', 'http://gkitty.ddns.net:13838/task/download/32', '1', '2018-02-01 14:47:33', '2018-02-28 10:54:12', '2018-02-28 23:59:59', null, null, null);
INSERT INTO `task` VALUES ('277124940327648422', '2201', '3', '41', 'http://gkitty.ddns.net:13838/task/download/41', '1', '2018-02-01 14:47:33', '2018-02-17 17:39:49', '2018-02-17 23:59:59', null, null, null);
INSERT INTO `task` VALUES ('277124940353928212', '2201', '3', '46', 'http://gkitty.ddns.net:13838/task/download/46', '1', '2018-02-01 14:47:33', '2018-02-23 13:10:05', '2018-02-23 23:59:59', null, null, null);
INSERT INTO `task` VALUES ('277124940380209838', '2201', '3', '48', 'http://gkitty.ddns.net:13838/task/download/48', '1', '2018-02-01 14:47:33', '2018-02-25 04:29:11', '2018-02-25 23:59:59', null, null, null);
INSERT INTO `task` VALUES ('277124940405870639', '2220', '3', '35', 'http://gkitty.ddns.net:13838/task/download/35', '1', '2018-02-01 14:47:33', '2018-02-09 01:21:05', '2018-02-09 23:59:59', null, null, null);
INSERT INTO `task` VALUES ('277124940432769331', '2220', '3', '48', 'http://gkitty.ddns.net:13838/task/download/48', '1', '2018-02-01 14:47:33', '2018-02-09 10:42:51', '2018-02-09 23:59:59', null, null, null);
INSERT INTO `task` VALUES ('277124940458431781', '2220', '3', '33', 'http://gkitty.ddns.net:13838/task/download/33', '1', '2018-02-01 14:47:33', '2018-02-10 14:42:13', '2018-02-10 23:59:59', null, null, null);
INSERT INTO `task` VALUES ('277124940484711900', '2220', '3', '44', 'http://gkitty.ddns.net:13838/task/download/44', '1', '2018-02-01 14:47:33', '2018-02-10 20:20:12', '2018-02-10 23:59:59', null, null, null);
INSERT INTO `task` VALUES ('277124940528614611', '2220', '3', '37', 'http://gkitty.ddns.net:13838/task/download/37', '1', '2018-02-01 14:47:33', '2018-02-15 06:12:54', '2018-02-15 23:59:59', null, null, null);
INSERT INTO `task` VALUES ('277124940568189746', '2220', '3', '45', 'http://gkitty.ddns.net:13838/task/download/45', '1', '2018-02-01 14:47:33', '2018-02-15 04:58:01', '2018-02-15 23:59:59', null, null, null);
INSERT INTO `task` VALUES ('277124940593851785', '2220', '3', '44', 'http://gkitty.ddns.net:13838/task/download/44', '1', '2018-02-01 14:47:33', '2018-02-16 10:34:57', '2018-02-16 23:59:59', null, null, null);
INSERT INTO `task` VALUES ('277124940618585265', '2220', '3', '43', 'http://gkitty.ddns.net:13838/task/download/43', '1', '2018-02-01 14:47:33', '2018-02-16 16:09:25', '2018-02-16 23:59:59', null, null, null);
INSERT INTO `task` VALUES ('277124940644247822', '2258', '3', '33', 'http://gkitty.ddns.net:13838/task/download/33', '1', '2018-02-01 14:47:33', '2018-02-17 16:36:58', '2018-02-17 23:59:59', null, null, null);
INSERT INTO `task` VALUES ('277124940691242999', '2258', '3', '43', 'http://gkitty.ddns.net:13838/task/download/43', '1', '2018-02-01 14:47:33', '2018-02-17 08:45:45', '2018-02-17 23:59:59', null, null, null);
INSERT INTO `task` VALUES ('277124940717213176', '2298', '3', '48', 'http://gkitty.ddns.net:13838/task/download/48', '1', '2018-02-01 14:47:33', '2018-02-12 23:37:11', '2018-02-12 23:59:59', null, null, null);
INSERT INTO `task` VALUES ('277124940743802378', '2298', '3', '37', 'http://gkitty.ddns.net:13838/task/download/37', '1', '2018-02-01 14:47:33', '2018-02-13 12:24:03', '2018-02-13 23:59:59', null, null, null);
INSERT INTO `task` VALUES ('277124940770082825', '2298', '3', '38', 'http://gkitty.ddns.net:13838/task/download/38', '1', '2018-02-01 14:47:33', '2018-02-15 07:00:11', '2018-02-15 23:59:59', null, null, null);
INSERT INTO `task` VALUES ('277124940797909813', '2321', '3', '43', 'http://gkitty.ddns.net:13838/task/download/43', '1', '2018-02-01 14:47:33', '2018-03-04 20:16:42', '2018-03-04 23:59:59', null, null, null);
INSERT INTO `task` VALUES ('277124940829445521', '2321', '3', '34', 'http://gkitty.ddns.net:13838/task/download/34', '1', '2018-02-01 14:47:33', '2018-03-06 01:43:49', '2018-03-06 23:59:59', null, null, null);
INSERT INTO `task` VALUES ('277124940872111865', '2361', '3', '49', 'http://gkitty.ddns.net:13838/task/download/49', '1', '2018-02-01 14:47:33', '2018-02-21 00:31:13', '2018-02-21 23:59:59', null, null, null);
INSERT INTO `task` VALUES ('277124940950643186', '2361', '3', '43', 'http://gkitty.ddns.net:13838/task/download/43', '1', '2018-02-01 14:47:33', '2018-02-21 22:10:57', '2018-02-21 23:59:59', null, null, null);
INSERT INTO `task` VALUES ('277124940982797355', '2361', '3', '41', 'http://gkitty.ddns.net:13838/task/download/41', '1', '2018-02-01 14:47:33', '2018-02-22 17:51:16', '2018-02-22 23:59:59', null, null, null);
INSERT INTO `task` VALUES ('277124941006913327', '2361', '3', '31', 'http://gkitty.ddns.net:13838/task/download/31', '1', '2018-02-01 14:47:33', '2018-02-22 06:23:33', '2018-02-22 23:59:59', null, null, null);
INSERT INTO `task` VALUES ('277124941037831980', '2363', '3', '48', 'http://gkitty.ddns.net:13838/task/download/48', '1', '2018-02-01 14:47:33', '2018-02-26 07:51:36', '2018-02-26 23:59:59', null, null, null);
INSERT INTO `task` VALUES ('277124941061947617', '2363', '3', '41', 'http://gkitty.ddns.net:13838/task/download/41', '1', '2018-02-01 14:47:33', '2018-02-27 01:38:07', '2018-02-27 23:59:59', null, null, null);
INSERT INTO `task` VALUES ('277124941085754755', '2363', '3', '47', 'http://gkitty.ddns.net:13838/task/download/47', '1', '2018-02-01 14:47:33', '2018-03-01 09:15:43', '2018-03-01 23:59:59', null, null, null);
INSERT INTO `task` VALUES ('277124941111725328', '2447', '3', '39', 'http://gkitty.ddns.net:13838/task/download/39', '1', '2018-02-01 14:47:33', '2018-02-23 08:45:29', '2018-02-23 23:59:59', null, null, null);
INSERT INTO `task` VALUES ('277124941135531191', '2447', '3', '35', 'http://gkitty.ddns.net:13838/task/download/35', '1', '2018-02-01 14:47:33', '2018-02-23 14:22:56', '2018-02-23 23:59:59', null, null, null);
INSERT INTO `task` VALUES ('277124941160266349', '2447', '3', '44', 'http://gkitty.ddns.net:13838/task/download/44', '1', '2018-02-01 14:47:33', '2018-02-24 23:08:16', '2018-02-24 23:59:59', null, null, null);
INSERT INTO `task` VALUES ('277124941194893843', '2447', '3', '48', 'http://gkitty.ddns.net:13838/task/download/48', '1', '2018-02-01 14:47:33', '2018-02-24 14:25:37', '2018-02-24 23:59:59', null, null, null);
INSERT INTO `task` VALUES ('277124941226120943', '2447', '3', '32', 'http://gkitty.ddns.net:13838/task/download/32', '1', '2018-02-01 14:47:33', '2018-02-26 10:19:54', '2018-02-26 23:59:59', null, null, null);
INSERT INTO `task` VALUES ('277124941249000872', '2447', '3', '42', 'http://gkitty.ddns.net:13838/task/download/42', '1', '2018-02-01 14:47:33', '2018-02-26 01:29:14', '2018-02-26 23:59:59', null, null, null);
INSERT INTO `task` VALUES ('277124941271570642', '2467', '3', '37', 'http://gkitty.ddns.net:13838/task/download/37', '1', '2018-02-01 14:47:33', '2018-02-28 19:04:30', '2018-02-28 23:59:59', null, null, null);
INSERT INTO `task` VALUES ('277124941294449640', '2467', '3', '32', 'http://gkitty.ddns.net:13838/task/download/32', '1', '2018-02-01 14:47:33', '2018-02-28 21:02:52', '2018-02-28 23:59:59', null, null, null);
INSERT INTO `task` VALUES ('277124941316091918', '2467', '3', '40', 'http://gkitty.ddns.net:13838/task/download/40', '1', '2018-02-01 14:47:33', '2018-03-01 13:49:20', '2018-03-01 23:59:59', null, null, null);
INSERT INTO `task` VALUES ('277124941345463653', '2467', '3', '48', 'http://gkitty.ddns.net:13838/task/download/48', '1', '2018-02-01 14:47:33', '2018-03-01 09:12:10', '2018-03-01 23:59:59', null, null, null);
INSERT INTO `task` VALUES ('277124941377618592', '2467', '3', '39', 'http://gkitty.ddns.net:13838/task/download/39', '1', '2018-02-01 14:47:33', '2018-03-07 08:58:35', '2018-03-07 23:59:59', null, null, null);
INSERT INTO `task` VALUES ('277124941404207242', '2507', '3', '39', 'http://gkitty.ddns.net:13838/task/download/39', '1', '2018-02-01 14:47:33', '2018-02-07 17:41:18', '2018-02-07 23:59:59', null, null, null);
INSERT INTO `task` VALUES ('277124941427705113', '2507', '3', '31', 'http://gkitty.ddns.net:13838/task/download/31', '1', '2018-02-01 14:47:33', '2018-02-07 02:15:11', '2018-02-07 23:59:59', null, null, null);
INSERT INTO `task` VALUES ('277124941450584441', '2657', '3', '49', 'http://gkitty.ddns.net:13838/task/download/49', '1', '2018-02-01 14:47:33', '2018-03-02 15:12:16', '2018-03-02 23:59:59', null, null, null);
INSERT INTO `task` VALUES ('277124941476555912', '2657', '3', '31', 'http://gkitty.ddns.net:13838/task/download/31', '1', '2018-02-01 14:47:33', '2018-03-02 20:19:26', '2018-03-02 23:59:59', null, null, null);
INSERT INTO `task` VALUES ('277124941505927712', '44207', '3', '50', 'http://gkitty.ddns.net:13838/task/download/50', '1', '2018-02-01 14:47:33', '2018-03-02 16:15:01', '2018-03-02 23:59:59', null, null, null);
INSERT INTO `task` VALUES ('277124941554468232', '44207', '3', '39', 'http://gkitty.ddns.net:13838/task/download/39', '1', '2018-02-01 14:47:33', '2018-03-07 11:56:58', '2018-03-07 23:59:59', null, null, null);
INSERT INTO `task` VALUES ('277124941595589545', '44207', '3', '49', 'http://gkitty.ddns.net:13838/task/download/49', '1', '2018-02-01 14:47:33', '2018-03-07 07:06:02', '2018-03-07 23:59:59', null, null, null);
INSERT INTO `task` VALUES ('277124941621250821', '56569', '3', '31', 'http://gkitty.ddns.net:13838/task/download/31', '1', '2018-02-01 14:47:33', '2018-02-18 05:34:15', '2018-02-18 23:59:59', null, null, null);
INSERT INTO `task` VALUES ('277124941647840304', '56569', '3', '47', 'http://gkitty.ddns.net:13838/task/download/47', '1', '2018-02-01 14:47:33', '2018-02-18 07:59:15', '2018-02-18 23:59:59', null, null, null);
INSERT INTO `task` VALUES ('277124941670719304', '56569', '3', '40', 'http://gkitty.ddns.net:13838/task/download/40', '1', '2018-02-01 14:47:33', '2018-02-19 21:31:24', '2018-02-19 23:59:59', null, null, null);
INSERT INTO `task` VALUES ('277124941701637776', '56569', '3', '34', 'http://gkitty.ddns.net:13838/task/download/34', '1', '2018-02-01 14:47:33', '2018-02-19 20:20:38', '2018-02-19 23:59:59', null, null, null);
INSERT INTO `task` VALUES ('277124941729154565', '56569', '3', '45', 'http://gkitty.ddns.net:13838/task/download/45', '1', '2018-02-01 14:47:33', '2018-02-20 00:09:15', '2018-02-20 23:59:59', null, null, null);
INSERT INTO `task` VALUES ('277124941751724552', '56569', '3', '39', 'http://gkitty.ddns.net:13838/task/download/39', '1', '2018-02-01 14:47:33', '2018-02-20 09:33:40', '2018-02-20 23:59:59', null, null, null);
INSERT INTO `task` VALUES ('277124941773985723', '56571', '3', '50', 'http://gkitty.ddns.net:13838/task/download/50', '1', '2018-02-01 14:47:33', '2018-02-22 16:58:23', '2018-02-22 23:59:59', null, null, null);
INSERT INTO `task` VALUES ('277124941810158631', '56571', '3', '32', 'http://gkitty.ddns.net:13838/task/download/32', '1', '2018-02-01 14:47:33', '2018-02-23 11:30:53', '2018-02-23 23:59:59', null, null, null);
INSERT INTO `task` VALUES ('277124941838912937', '56571', '3', '50', 'http://gkitty.ddns.net:13838/task/download/50', '1', '2018-02-01 14:47:33', '2018-02-25 09:05:01', '2018-02-25 23:59:59', null, null, null);
INSERT INTO `task` VALUES ('277124941862410530', '56572', '3', '39', 'http://gkitty.ddns.net:13838/task/download/39', '1', '2018-02-01 14:47:33', '2018-02-14 03:46:46', '2018-02-14 23:59:59', null, null, null);
INSERT INTO `task` VALUES ('277124941884980316', '56572', '3', '38', 'http://gkitty.ddns.net:13838/task/download/38', '1', '2018-02-01 14:47:33', '2018-02-16 04:27:22', '2018-02-16 23:59:59', null, null, null);
INSERT INTO `task` VALUES ('277124941907550924', '56572', '3', '50', 'http://gkitty.ddns.net:13838/task/download/50', '1', '2018-02-01 14:47:33', '2018-02-19 10:43:11', '2018-02-19 23:59:59', null, null, null);
INSERT INTO `task` VALUES ('277124941930120660', '56572', '3', '44', 'http://gkitty.ddns.net:13838/task/download/44', '1', '2018-02-01 14:47:33', '2018-02-19 03:28:18', '2018-02-19 23:59:59', null, null, null);
INSERT INTO `task` VALUES ('277124942010197726', '56574', '3', '37', 'http://gkitty.ddns.net:13838/task/download/37', '1', '2018-02-01 14:47:33', '2018-02-28 08:43:05', '2018-02-28 23:59:59', null, null, null);
INSERT INTO `task` VALUES ('277124942039569807', '56575', '3', '38', 'http://gkitty.ddns.net:13838/task/download/38', '1', '2018-02-01 14:47:33', '2018-02-15 10:43:05', '2018-02-15 23:59:59', null, null, null);
INSERT INTO `task` VALUES ('277124942064612623', '56574', '3', '34', 'http://gkitty.ddns.net:13838/task/download/34', '1', '2018-02-01 14:47:33', '2018-03-06 22:29:48', '2018-03-06 23:59:59', null, null, null);
INSERT INTO `task` VALUES ('277124942105115196', '56575', '3', '44', 'http://gkitty.ddns.net:13838/task/download/44', '1', '2018-02-01 14:47:33', '2018-02-21 06:49:27', '2018-02-21 23:59:59', null, null, null);
INSERT INTO `task` VALUES ('277124942197559410', '56574', '3', '42', 'http://gkitty.ddns.net:13838/task/download/42', '1', '2018-02-01 14:47:33', '2018-03-08 16:26:49', '2018-03-08 23:59:59', null, null, null);
INSERT INTO `task` VALUES ('277124942231878601', '56575', '3', '39', 'http://gkitty.ddns.net:13838/task/download/39', '1', '2018-02-01 14:47:33', '2018-02-16 14:19:40', '2018-02-16 23:59:59', null, null, null);
INSERT INTO `task` VALUES ('277124942254448235', '56575', '3', '50', 'http://gkitty.ddns.net:13838/task/download/50', '1', '2018-02-01 14:47:33', '2018-02-16 18:51:55', '2018-02-16 23:59:59', null, null, null);
INSERT INTO `task` VALUES ('277124942276090656', '56575', '3', '48', 'http://gkitty.ddns.net:13838/task/download/48', '1', '2018-02-01 14:47:33', '2018-02-18 18:51:44', '2018-02-18 23:59:59', null, null, null);
INSERT INTO `task` VALUES ('277124942298042480', '56575', '3', '34', 'http://gkitty.ddns.net:13838/task/download/34', '1', '2018-02-01 14:47:33', '2018-02-18 16:28:35', '2018-02-18 23:59:59', null, null, null);
INSERT INTO `task` VALUES ('277124942354931284', '56580', '2', '10', 'http://gkitty.ddns.net:13838/task/download/10', '1', '2018-02-01 14:47:33', '2018-02-22 04:51:54', '2018-02-22 23:59:59', null, null, null);
INSERT INTO `task` VALUES ('277124942384612272', '56581', '2', '24', 'http://gkitty.ddns.net:13838/task/download/24', '1', '2018-02-01 14:47:33', '2018-02-18 02:46:02', '2018-02-18 23:59:59', null, null, null);
INSERT INTO `task` VALUES ('277124942408109252', '56582', '2', '19', 'http://gkitty.ddns.net:13838/task/download/19', '1', '2018-02-01 14:47:33', '2018-02-11 03:39:15', '2018-02-11 23:59:59', null, null, null);
INSERT INTO `task` VALUES ('277124942430061275', '56580', '2', '28', 'http://gkitty.ddns.net:13838/task/download/28', '1', '2018-02-01 14:47:33', '2018-02-24 10:05:21', '2018-02-24 23:59:59', null, null, null);
INSERT INTO `task` VALUES ('277124942450776694', '56580', '2', '21', 'http://gkitty.ddns.net:13838/task/download/21', '1', '2018-02-01 14:47:33', '2018-02-26 21:03:43', '2018-02-26 23:59:59', null, null, null);
INSERT INTO `task` VALUES ('277124942471800344', '56580', '2', '7', 'http://gkitty.ddns.net:13838/task/download/7', '1', '2018-02-01 14:47:33', '2018-02-28 05:00:11', '2018-02-28 23:59:59', null, null, null);
INSERT INTO `task` VALUES ('277124942492824340', '56581', '2', '14', 'http://gkitty.ddns.net:13838/task/download/14', '1', '2018-02-01 14:47:33', '2018-02-20 11:48:18', '2018-02-20 23:59:59', null, null, null);
INSERT INTO `task` VALUES ('277124942532399774', '56581', '2', '6', 'http://gkitty.ddns.net:13838/task/download/6', '1', '2018-02-01 14:47:33', '2018-02-20 14:34:15', '2018-02-20 23:59:59', null, null, null);
INSERT INTO `task` VALUES ('277124942554042886', '56581', '2', '18', 'http://gkitty.ddns.net:13838/task/download/18', '1', '2018-02-01 14:47:33', '2018-02-26 06:04:26', '2018-02-26 23:59:59', null, null, null);
INSERT INTO `task` VALUES ('277124942574757237', '56581', '2', '13', 'http://gkitty.ddns.net:13838/task/download/13', '1', '2018-02-01 14:47:33', '2018-02-26 14:46:09', '2018-02-26 23:59:59', null, null, null);
INSERT INTO `task` VALUES ('277124942607220562', '56582', '2', '18', 'http://gkitty.ddns.net:13838/task/download/18', '1', '2018-02-01 14:47:33', '2018-02-13 07:08:17', '2018-02-13 23:59:59', null, null, null);
INSERT INTO `task` VALUES ('277124942627626572', '56582', '2', '20', 'http://gkitty.ddns.net:13838/task/download/20', '1', '2018-02-01 14:47:33', '2018-02-18 08:33:38', '2018-02-18 23:59:59', null, null, null);
INSERT INTO `task` VALUES ('277124942654215672', '56582', '2', '2', 'http://gkitty.ddns.net:13838/task/download/2', '1', '2018-02-01 14:47:33', '2018-02-18 20:08:35', '2018-02-18 23:59:59', null, null, null);
INSERT INTO `task` VALUES ('277124942676785780', '56582', '2', '15', 'http://gkitty.ddns.net:13838/task/download/15', '1', '2018-02-01 14:47:33', '2018-02-20 22:23:17', '2018-02-20 23:59:59', null, null, null);
INSERT INTO `task` VALUES ('277124942696882760', '56582', '2', '5', 'http://gkitty.ddns.net:13838/task/download/5', '1', '2018-02-01 14:47:33', '2018-02-20 09:44:43', '2018-02-20 23:59:59', null, null, null);
INSERT INTO `task` VALUES ('277124942789945585', '56583', '2', '26', 'http://gkitty.ddns.net:13838/task/download/26', '1', '2018-02-01 14:47:33', '2018-02-17 20:16:44', '2018-02-17 23:59:59', null, null, null);
INSERT INTO `task` VALUES ('277124942817462832', '56584', '2', '23', 'http://gkitty.ddns.net:13838/task/download/23', '1', '2018-02-01 14:47:33', '2018-02-09 22:59:21', '2018-02-09 23:59:59', null, null, null);
INSERT INTO `task` VALUES ('277124942840650181', '56585', '2', '7', 'http://gkitty.ddns.net:13838/task/download/7', '1', '2018-02-01 14:47:33', '2018-02-15 21:43:06', '2018-02-15 23:59:59', null, null, null);
INSERT INTO `task` VALUES ('277124942895684289', '56586', '2', '23', 'http://gkitty.ddns.net:13838/task/download/23', '1', '2018-02-01 14:47:33', '2018-02-17 12:37:50', '2018-02-17 23:59:59', null, null, null);
INSERT INTO `task` VALUES ('277124942924746991', '56587', '2', '11', 'http://gkitty.ddns.net:13838/task/download/11', '1', '2018-02-01 14:47:33', '2018-02-28 19:46:43', '2018-02-28 23:59:59', null, null, null);
INSERT INTO `task` VALUES ('277124942950717734', '56588', '2', '17', 'http://gkitty.ddns.net:13838/task/download/17', '1', '2018-02-01 14:47:33', '2018-02-09 13:45:26', '2018-02-09 23:59:59', null, null, null);
INSERT INTO `task` VALUES ('277124942979780856', '56589', '2', '2', 'http://gkitty.ddns.net:13838/task/download/2', '1', '2018-02-01 14:47:33', '2018-02-04 18:01:50', '2018-02-04 23:59:59', null, null, null);
INSERT INTO `task` VALUES ('277124943003587511', '56583', '2', '16', 'http://gkitty.ddns.net:13838/task/download/16', '1', '2018-02-01 14:47:33', '2018-02-24 23:08:00', '2018-02-24 23:59:59', null, null, null);
INSERT INTO `task` VALUES ('277124943027084339', '56583', '2', '20', 'http://gkitty.ddns.net:13838/task/download/20', '1', '2018-02-01 14:47:33', '2018-02-25 15:12:06', '2018-02-25 23:59:59', null, null, null);
INSERT INTO `task` VALUES ('277124943048727942', '56584', '2', '8', 'http://gkitty.ddns.net:13838/task/download/8', '1', '2018-02-01 14:47:33', '2018-02-11 12:54:24', '2018-02-11 23:59:59', null, null, null);
INSERT INTO `task` VALUES ('277124943070369932', '56584', '2', '3', 'http://gkitty.ddns.net:13838/task/download/3', '1', '2018-02-01 14:47:33', '2018-02-11 04:17:01', '2018-02-11 23:59:59', null, null, null);
INSERT INTO `task` VALUES ('277124943093558881', '56584', '2', '2', 'http://gkitty.ddns.net:13838/task/download/2', '1', '2018-02-01 14:47:33', '2018-02-12 18:55:27', '2018-02-12 23:59:59', null, null, null);
INSERT INTO `task` VALUES ('277124943116128901', '56584', '2', '20', 'http://gkitty.ddns.net:13838/task/download/20', '1', '2018-02-01 14:47:33', '2018-02-12 12:13:03', '2018-02-12 23:59:59', null, null, null);
INSERT INTO `task` VALUES ('277124943143026981', '56584', '2', '8', 'http://gkitty.ddns.net:13838/task/download/8', '1', '2018-02-01 14:47:33', '2018-02-13 04:22:55', '2018-02-13 23:59:59', null, null, null);
INSERT INTO `task` VALUES ('277124943165906634', '56584', '2', '13', 'http://gkitty.ddns.net:13838/task/download/13', '1', '2018-02-01 14:47:33', '2018-02-13 23:43:24', '2018-02-13 23:59:59', null, null, null);
INSERT INTO `task` VALUES ('277124943186311310', '56585', '2', '20', 'http://gkitty.ddns.net:13838/task/download/20', '1', '2018-02-01 14:47:33', '2018-02-17 11:03:21', '2018-02-17 23:59:59', null, null, null);
INSERT INTO `task` VALUES ('277124943211355531', '56585', '2', '10', 'http://gkitty.ddns.net:13838/task/download/10', '1', '2018-02-01 14:47:33', '2018-02-17 17:12:02', '2018-02-17 23:59:59', null, null, null);
INSERT INTO `task` VALUES ('277124943232070459', '56585', '2', '5', 'http://gkitty.ddns.net:13838/task/download/5', '1', '2018-02-01 14:47:33', '2018-02-19 00:12:00', '2018-02-19 23:59:59', null, null, null);
INSERT INTO `task` VALUES ('277124943259896500', '56585', '2', '22', 'http://gkitty.ddns.net:13838/task/download/22', '1', '2018-02-01 14:47:33', '2018-02-19 16:39:30', '2018-02-19 23:59:59', null, null, null);
INSERT INTO `task` VALUES ('277124943282466845', '56586', '2', '8', 'http://gkitty.ddns.net:13838/task/download/8', '1', '2018-02-01 14:47:33', '2018-02-19 10:33:13', '2018-02-19 23:59:59', null, null, null);
INSERT INTO `task` VALUES ('277124943350176695', '56586', '2', '21', 'http://gkitty.ddns.net:13838/task/download/21', '1', '2018-02-01 14:47:33', '2018-02-19 09:37:54', '2018-02-19 23:59:59', null, null, null);
INSERT INTO `task` VALUES ('277124943372746792', '56586', '2', '29', 'http://gkitty.ddns.net:13838/task/download/29', '1', '2018-02-01 14:47:33', '2018-02-21 12:25:20', '2018-02-21 23:59:59', null, null, null);
INSERT INTO `task` VALUES ('277124943391915563', '56586', '2', '10', 'http://gkitty.ddns.net:13838/task/download/10', '1', '2018-02-01 14:47:33', '2018-02-21 14:39:25', '2018-02-21 23:59:59', null, null, null);
INSERT INTO `task` VALUES ('277124943416649485', '56586', '2', '11', 'http://gkitty.ddns.net:13838/task/download/11', '1', '2018-02-01 14:47:33', '2018-02-24 12:35:27', '2018-02-24 23:59:59', null, null, null);
INSERT INTO `task` VALUES ('277124943437673318', '56586', '2', '9', 'http://gkitty.ddns.net:13838/task/download/9', '1', '2018-02-01 14:47:33', '2018-02-24 03:38:54', '2018-02-24 23:59:59', null, null, null);
INSERT INTO `task` VALUES ('277124943456224628', '56586', '2', '27', 'http://gkitty.ddns.net:13838/task/download/27', '1', '2018-02-01 14:47:33', '2018-02-26 02:36:14', '2018-02-26 23:59:59', null, null, null);
INSERT INTO `task` VALUES ('277124943653480497', '56586', '2', '23', 'http://gkitty.ddns.net:13838/task/download/23', '1', '2018-02-01 14:47:33', '2018-02-26 19:33:07', '2018-02-26 23:59:59', null, null, null);
INSERT INTO `task` VALUES ('277124943675432342', '56587', '2', '16', 'http://gkitty.ddns.net:13838/task/download/16', '1', '2018-02-01 14:47:33', '2018-03-07 13:36:16', '2018-03-07 23:59:59', null, null, null);
INSERT INTO `task` VALUES ('277124943699857664', '56587', '2', '29', 'http://gkitty.ddns.net:13838/task/download/29', '1', '2018-02-01 14:47:33', '2018-03-07 10:44:34', '2018-03-07 23:59:59', null, null, null);
INSERT INTO `task` VALUES ('277124943722736726', '56588', '2', '24', 'http://gkitty.ddns.net:13838/task/download/24', '1', '2018-02-01 14:47:33', '2018-02-17 03:18:12', '2018-02-17 23:59:59', null, null, null);
INSERT INTO `task` VALUES ('277124943742214509', '56588', '2', '9', 'http://gkitty.ddns.net:13838/task/download/9', '1', '2018-02-01 14:47:33', '2018-02-17 06:43:48', '2018-02-17 23:59:59', null, null, null);
INSERT INTO `task` VALUES ('277124943761383332', '56589', '2', '19', 'http://gkitty.ddns.net:13838/task/download/19', '1', '2018-02-01 14:47:33', '2018-02-11 12:22:29', '2018-02-11 23:59:59', null, null, null);
INSERT INTO `task` VALUES ('277124943780243413', '56589', '2', '20', 'http://gkitty.ddns.net:13838/task/download/20', '1', '2018-02-01 14:47:33', '2018-02-12 03:07:37', '2018-02-12 23:59:59', null, null, null);
INSERT INTO `task` VALUES ('277124943798794346', '56589', '2', '9', 'http://gkitty.ddns.net:13838/task/download/9', '1', '2018-02-01 14:47:33', '2018-02-14 16:42:12', '2018-02-14 23:59:59', null, null, null);
INSERT INTO `task` VALUES ('277124943855992500', '56590', '2', '12', 'http://gkitty.ddns.net:13838/task/download/12', '1', '2018-02-01 14:47:33', '2018-02-03 02:05:09', '2018-02-03 23:59:59', null, null, null);
INSERT INTO `task` VALUES ('277124943881963457', '56590', '2', '28', 'http://gkitty.ddns.net:13838/task/download/28', '1', '2018-02-01 14:47:33', '2018-02-09 15:52:01', '2018-02-09 23:59:59', null, null, null);
INSERT INTO `task` VALUES ('277124943904223137', '56590', '2', '10', 'http://gkitty.ddns.net:13838/task/download/10', '1', '2018-02-01 14:47:33', '2018-02-05 20:32:45', '2018-02-05 23:59:59', null, null, null);
INSERT INTO `task` VALUES ('277124944011508752', '56591', '2', '11', 'http://gkitty.ddns.net:13838/task/download/11', '1', '2018-02-01 14:47:33', '2018-02-06 14:58:38', '2018-02-06 23:59:59', null, null, null);
INSERT INTO `task` VALUES ('277124944039334490', '56592', '2', '17', 'http://gkitty.ddns.net:13838/task/download/17', '1', '2018-02-01 14:47:33', '2018-02-11 19:11:32', '2018-02-11 23:59:59', null, null, null);
INSERT INTO `task` VALUES ('277124944061904949', '56593', '2', '14', 'http://gkitty.ddns.net:13838/task/download/14', '1', '2018-02-01 14:47:33', '2018-02-03 19:51:38', '2018-02-03 23:59:59', null, null, null);
INSERT INTO `task` VALUES ('277124944082310530', '56594', '2', '15', 'http://gkitty.ddns.net:13838/task/download/15', '1', '2018-02-01 14:47:33', '2018-02-12 09:22:38', '2018-02-12 23:59:59', null, null, null);
INSERT INTO `task` VALUES ('277124944101788964', '56596', '2', '24', 'http://gkitty.ddns.net:13838/task/download/24', '1', '2018-02-01 14:47:33', '2018-03-01 13:55:21', '2018-03-01 23:59:59', null, null, null);
INSERT INTO `task` VALUES ('277124944123740397', '56597', '2', '8', 'http://gkitty.ddns.net:13838/task/download/8', '1', '2018-02-01 14:47:33', '2018-02-27 22:44:35', '2018-02-27 23:59:59', null, null, null);
INSERT INTO `task` VALUES ('277124944145383573', '56600', '2', '8', 'http://gkitty.ddns.net:13838/task/download/8', '1', '2018-02-01 14:47:33', '2018-02-17 10:59:53', '2018-02-17 23:59:59', null, null, null);
INSERT INTO `task` VALUES ('277124944167953577', '56601', '2', '12', 'http://gkitty.ddns.net:13838/task/download/12', '1', '2018-02-01 14:47:33', '2018-02-01 12:50:20', '2018-02-01 23:59:59', null, null, null);
INSERT INTO `task` VALUES ('277124944188977189', '56602', '2', '14', 'http://gkitty.ddns.net:13838/task/download/14', '1', '2018-02-01 14:47:33', '2018-02-19 16:41:45', '2018-02-19 23:59:59', null, null, null);
INSERT INTO `task` VALUES ('277124944208455775', '56603', '2', '19', 'http://gkitty.ddns.net:13838/task/download/19', '1', '2018-02-01 14:47:33', '2018-02-08 01:07:20', '2018-02-08 23:59:59', null, null, null);
INSERT INTO `task` VALUES ('277124944227933545', '56604', '2', '28', 'http://gkitty.ddns.net:13838/task/download/28', '1', '2018-02-01 14:47:33', '2018-02-28 00:28:25', '2018-02-28 23:59:59', null, null, null);
INSERT INTO `task` VALUES ('277124944246793516', '56605', '2', '27', 'http://gkitty.ddns.net:13838/task/download/27', '1', '2018-02-01 14:47:33', '2018-02-13 13:02:26', '2018-02-13 23:59:59', null, null, null);
INSERT INTO `task` VALUES ('277124944265344476', '56606', '2', '4', 'http://gkitty.ddns.net:13838/task/download/4', '1', '2018-02-01 14:47:33', '2018-02-10 15:06:06', '2018-02-10 23:59:59', null, null, null);
INSERT INTO `task` VALUES ('277124944284204600', '56607', '2', '23', 'http://gkitty.ddns.net:13838/task/download/23', '1', '2018-02-01 14:47:33', '2018-02-16 21:24:53', '2018-02-16 23:59:59', null, null, null);
INSERT INTO `task` VALUES ('277124944302754262', '56608', '2', '14', 'http://gkitty.ddns.net:13838/task/download/14', '1', '2018-02-01 14:47:33', '2018-02-01 19:06:23', '2018-02-01 23:59:59', null, null, null);
INSERT INTO `task` VALUES ('277124944321305705', '56609', '2', '22', 'http://gkitty.ddns.net:13838/task/download/22', '1', '2018-02-01 14:47:33', '2018-02-15 18:42:44', '2018-02-15 23:59:59', null, null, null);
INSERT INTO `task` VALUES ('277124944339856425', '56610', '2', '23', 'http://gkitty.ddns.net:13838/task/download/23', '1', '2018-02-01 14:47:33', '2018-02-16 20:46:05', '2018-02-16 23:59:59', null, null, null);
INSERT INTO `task` VALUES ('277124944358407259', '56611', '2', '17', 'http://gkitty.ddns.net:13838/task/download/17', '1', '2018-02-01 14:47:33', '2018-02-01 21:46:08', '2018-02-01 23:59:59', null, null, null);
INSERT INTO `task` VALUES ('277124944376648156', '56612', '2', '1', 'http://gkitty.ddns.net:13838/task/download/1', '1', '2018-02-01 14:47:33', '2018-02-12 17:41:28', '2018-02-12 23:59:59', null, null, null);
INSERT INTO `task` VALUES ('277124944395199164', '56613', '2', '4', 'http://gkitty.ddns.net:13838/task/download/4', '1', '2018-02-01 14:47:33', '2018-02-19 11:44:00', '2018-02-19 23:59:59', null, null, null);
INSERT INTO `task` VALUES ('277124944413440590', '56614', '2', '3', 'http://gkitty.ddns.net:13838/task/download/3', '1', '2018-02-01 14:47:33', '2018-02-15 20:21:31', '2018-02-15 23:59:59', null, null, null);
INSERT INTO `task` VALUES ('277124944434155989', '56615', '2', '28', 'http://gkitty.ddns.net:13838/task/download/28', '1', '2018-02-01 14:47:33', '2018-02-16 08:15:28', '2018-02-16 23:59:59', null, null, null);
INSERT INTO `task` VALUES ('277124944453633150', '56616', '2', '10', 'http://gkitty.ddns.net:13838/task/download/10', '1', '2018-02-01 14:47:33', '2018-02-25 18:02:42', '2018-02-25 23:59:59', null, null, null);
INSERT INTO `task` VALUES ('277124944472184415', '56618', '2', '30', 'http://gkitty.ddns.net:13838/task/download/30', '1', '2018-02-01 14:47:33', '2018-02-24 12:59:33', '2018-02-24 23:59:59', null, null, null);
INSERT INTO `task` VALUES ('277124944491044850', '56620', '2', '12', 'http://gkitty.ddns.net:13838/task/download/12', '1', '2018-02-01 14:47:33', '2018-02-15 22:44:38', '2018-02-15 23:59:59', null, null, null);
INSERT INTO `task` VALUES ('277124944509904795', '56621', '2', '18', 'http://gkitty.ddns.net:13838/task/download/18', '1', '2018-02-01 14:47:33', '2018-02-14 20:44:49', '2018-02-14 23:59:59', null, null, null);
INSERT INTO `task` VALUES ('277124944531546341', '56622', '2', '22', 'http://gkitty.ddns.net:13838/task/download/22', '1', '2018-02-01 14:47:33', '2018-02-03 14:03:57', '2018-02-03 23:59:59', null, null, null);
INSERT INTO `task` VALUES ('277124944556281830', '56624', '2', '23', 'http://gkitty.ddns.net:13838/task/download/23', '1', '2018-02-01 14:47:33', '2018-02-21 11:51:45', '2018-02-21 23:59:59', null, null, null);
INSERT INTO `task` VALUES ('277124944575141916', '56591', '2', '22', 'http://gkitty.ddns.net:13838/task/download/22', '1', '2018-02-01 14:47:33', '2018-02-12 20:16:46', '2018-02-12 23:59:59', null, null, null);
INSERT INTO `task` VALUES ('277124944593691951', '56592', '2', '17', 'http://gkitty.ddns.net:13838/task/download/17', '1', '2018-02-01 14:47:33', '2018-02-17 00:59:13', '2018-02-17 23:59:59', null, null, null);
INSERT INTO `task` VALUES ('277124944613169987', '56593', '2', '5', 'http://gkitty.ddns.net:13838/task/download/5', '1', '2018-02-01 14:47:33', '2018-02-09 16:30:48', '2018-02-09 23:59:59', null, null, null);
INSERT INTO `task` VALUES ('277124944633266535', '56594', '2', '29', 'http://gkitty.ddns.net:13838/task/download/29', '1', '2018-02-01 14:47:33', '2018-02-18 08:25:16', '2018-02-18 23:59:59', null, null, null);
INSERT INTO `task` VALUES ('277124944654290958', '56596', '2', '29', 'http://gkitty.ddns.net:13838/task/download/29', '1', '2018-02-01 14:47:33', '2018-03-07 06:59:39', '2018-03-07 23:59:59', null, null, null);
INSERT INTO `task` VALUES ('277124944683044439', '56597', '2', '26', 'http://gkitty.ddns.net:13838/task/download/26', '1', '2018-02-01 14:47:33', '2018-03-05 01:45:41', '2018-03-05 23:59:59', null, null, null);
INSERT INTO `task` VALUES ('277124944705614664', '56600', '2', '7', 'http://gkitty.ddns.net:13838/task/download/7', '1', '2018-02-01 14:47:33', '2018-02-23 18:56:58', '2018-02-23 23:59:59', null, null, null);
INSERT INTO `task` VALUES ('277124944726020358', '56601', '2', '8', 'http://gkitty.ddns.net:13838/task/download/8', '1', '2018-02-01 14:47:33', '2018-02-07 04:54:07', '2018-02-07 23:59:59', null, null, null);
INSERT INTO `task` VALUES ('277124944744570249', '56602', '2', '14', 'http://gkitty.ddns.net:13838/task/download/14', '1', '2018-02-01 14:47:33', '2018-02-25 01:33:40', '2018-02-25 23:59:59', null, null, null);
INSERT INTO `task` VALUES ('277124944762193950', '56603', '2', '28', 'http://gkitty.ddns.net:13838/task/download/28', '1', '2018-02-01 14:47:33', '2018-02-14 16:00:50', '2018-02-14 23:59:59', null, null, null);
INSERT INTO `task` VALUES ('277124944780126713', '56604', '2', '1', 'http://gkitty.ddns.net:13838/task/download/1', '1', '2018-02-01 14:47:33', '2018-03-06 17:46:28', '2018-03-06 23:59:59', null, null, null);
INSERT INTO `task` VALUES ('277124944801150725', '56605', '2', '7', 'http://gkitty.ddns.net:13838/task/download/7', '1', '2018-02-01 14:47:33', '2018-02-19 02:42:23', '2018-02-19 23:59:59', null, null, null);
INSERT INTO `task` VALUES ('277124944820937517', '56606', '2', '3', 'http://gkitty.ddns.net:13838/task/download/3', '1', '2018-02-01 14:47:33', '2018-02-16 07:00:18', '2018-02-16 23:59:59', null, null, null);
INSERT INTO `task` VALUES ('277124944841034253', '56607', '2', '1', 'http://gkitty.ddns.net:13838/task/download/1', '1', '2018-02-01 14:47:33', '2018-02-22 21:15:43', '2018-02-22 23:59:59', null, null, null);
INSERT INTO `task` VALUES ('277124944859585294', '56608', '2', '27', 'http://gkitty.ddns.net:13838/task/download/27', '1', '2018-02-01 14:47:33', '2018-02-07 02:51:55', '2018-02-07 23:59:59', null, null, null);
INSERT INTO `task` VALUES ('277124944879372511', '56609', '2', '28', 'http://gkitty.ddns.net:13838/task/download/28', '1', '2018-02-01 14:47:33', '2018-02-21 04:06:46', '2018-02-21 23:59:59', null, null, null);
INSERT INTO `task` VALUES ('277124944921729558', '56610', '2', '3', 'http://gkitty.ddns.net:13838/task/download/3', '1', '2018-02-01 14:47:33', '2018-02-22 09:15:02', '2018-02-22 23:59:59', null, null, null);
INSERT INTO `task` VALUES ('277124944947700664', '56611', '2', '30', 'http://gkitty.ddns.net:13838/task/download/30', '1', '2018-02-01 14:47:33', '2018-02-07 21:27:19', '2018-02-07 23:59:59', null, null, null);
INSERT INTO `task` VALUES ('277124945202463431', '56612', '2', '19', 'http://gkitty.ddns.net:13838/task/download/19', '1', '2018-02-01 14:47:33', '2018-02-18 20:50:53', '2018-02-18 23:59:59', null, null, null);
INSERT INTO `task` VALUES ('277124945267082710', '56613', '2', '20', 'http://gkitty.ddns.net:13838/task/download/20', '1', '2018-02-01 14:47:33', '2018-02-25 12:24:26', '2018-02-25 23:59:59', null, null, null);
INSERT INTO `task` VALUES ('277124945291198429', '56614', '2', '5', 'http://gkitty.ddns.net:13838/task/download/5', '1', '2018-02-01 14:47:33', '2018-02-21 15:25:56', '2018-02-21 23:59:59', null, null, null);
INSERT INTO `task` VALUES ('277124945310985218', '56615', '2', '18', 'http://gkitty.ddns.net:13838/task/download/18', '1', '2018-02-01 14:47:33', '2018-02-22 08:47:45', '2018-02-22 23:59:59', null, null, null);
INSERT INTO `task` VALUES ('277124945329845436', '56616', '2', '13', 'http://gkitty.ddns.net:13838/task/download/13', '1', '2018-02-01 14:47:33', '2018-03-03 00:52:49', '2018-03-03 23:59:59', null, null, null);
INSERT INTO `task` VALUES ('277124945351797766', '56618', '2', '2', 'http://gkitty.ddns.net:13838/task/download/2', '1', '2018-02-01 14:47:33', '2018-03-02 05:55:44', '2018-03-02 23:59:59', null, null, null);
INSERT INTO `task` VALUES ('277124945396937404', '56620', '2', '27', 'http://gkitty.ddns.net:13838/task/download/27', '1', '2018-02-01 14:47:33', '2018-02-21 12:08:58', '2018-02-21 23:59:59', null, null, null);
INSERT INTO `task` VALUES ('277124945430328165', '56621', '2', '29', 'http://gkitty.ddns.net:13838/task/download/29', '1', '2018-02-01 14:47:33', '2018-02-20 18:51:08', '2018-02-20 23:59:59', null, null, null);
INSERT INTO `task` VALUES ('277124945449188163', '56622', '2', '14', 'http://gkitty.ddns.net:13838/task/download/14', '1', '2018-02-01 14:47:33', '2018-02-09 03:18:30', '2018-02-09 23:59:59', null, null, null);
INSERT INTO `task` VALUES ('277124945469284393', '56624', '2', '14', 'http://gkitty.ddns.net:13838/task/download/14', '1', '2018-02-01 14:47:33', '2018-02-27 23:32:20', '2018-02-27 23:59:59', null, null, null);
INSERT INTO `task` VALUES ('277124945562656486', '56591', '2', '1', 'http://gkitty.ddns.net:13838/task/download/1', '1', '2018-02-01 14:47:33', '2018-02-14 18:20:01', '2018-02-14 23:59:59', null, null, null);
INSERT INTO `task` VALUES ('277124945612434714', '56591', '2', '20', 'http://gkitty.ddns.net:13838/task/download/20', '1', '2018-02-01 14:47:33', '2018-02-14 19:26:54', '2018-02-14 23:59:59', null, null, null);
INSERT INTO `task` VALUES ('277124945695294560', '56591', '2', '10', 'http://gkitty.ddns.net:13838/task/download/10', '1', '2018-02-01 14:47:33', '2018-02-15 08:19:48', '2018-02-15 23:59:59', null, null, null);
INSERT INTO `task` VALUES ('277124945715081176', '56591', '2', '9', 'http://gkitty.ddns.net:13838/task/download/9', '1', '2018-02-01 14:47:33', '2018-02-15 07:20:12', '2018-02-15 23:59:59', null, null, null);
INSERT INTO `task` VALUES ('277124945733323614', '56592', '2', '21', 'http://gkitty.ddns.net:13838/task/download/21', '1', '2018-02-01 14:47:33', '2018-02-18 22:56:07', '2018-02-18 23:59:59', null, null, null);
INSERT INTO `task` VALUES ('277124945750637466', '56592', '2', '1', 'http://gkitty.ddns.net:13838/task/download/1', '1', '2018-02-01 14:47:33', '2018-02-19 02:35:49', '2018-02-19 23:59:59', null, null, null);
INSERT INTO `task` VALUES ('277124945767332348', '56592', '2', '21', 'http://gkitty.ddns.net:13838/task/download/21', '1', '2018-02-01 14:47:33', '2018-02-21 14:38:44', '2018-02-21 23:59:59', null, null, null);
INSERT INTO `task` VALUES ('277124945783719379', '56593', '2', '4', 'http://gkitty.ddns.net:13838/task/download/4', '1', '2018-02-01 14:47:33', '2018-02-05 08:07:40', '2018-02-05 23:59:59', null, null, null);
INSERT INTO `task` VALUES ('277124945800414296', '56593', '2', '7', 'http://gkitty.ddns.net:13838/task/download/7', '1', '2018-02-01 14:47:33', '2018-02-06 07:01:37', '2018-02-06 23:59:59', null, null, null);
INSERT INTO `task` VALUES ('277124945817110150', '56593', '2', '26', 'http://gkitty.ddns.net:13838/task/download/26', '1', '2018-02-01 14:47:33', '2018-02-10 16:01:20', '2018-02-10 23:59:59', null, null, null);
INSERT INTO `task` VALUES ('277124945833806410', '56593', '2', '25', 'http://gkitty.ddns.net:13838/task/download/25', '1', '2018-02-01 14:47:33', '2018-02-12 23:37:06', '2018-02-12 23:59:59', null, null, null);
INSERT INTO `task` VALUES ('277124945850192386', '56593', '2', '7', 'http://gkitty.ddns.net:13838/task/download/7', '1', '2018-02-01 14:47:33', '2018-02-14 00:00:10', '2018-02-14 23:59:59', null, null, null);
INSERT INTO `task` VALUES ('277124945866579303', '56596', '2', '15', 'http://gkitty.ddns.net:13838/task/download/15', '1', '2018-02-01 14:47:33', '2018-03-08 03:57:57', '2018-03-08 23:59:59', null, null, null);
INSERT INTO `task` VALUES ('277124945886057881', '56596', '2', '30', 'http://gkitty.ddns.net:13838/task/download/30', '1', '2018-02-01 14:47:33', '2018-03-08 04:33:30', '2018-03-08 23:59:59', null, null, null);
INSERT INTO `task` VALUES ('277124945912646890', '56596', '2', '18', 'http://gkitty.ddns.net:13838/task/download/18', '1', '2018-02-01 14:47:33', '2018-03-10 13:36:45', '2018-03-10 23:59:59', null, null, null);
INSERT INTO `task` VALUES ('277124945937071208', '56596', '2', '6', 'http://gkitty.ddns.net:13838/task/download/6', '1', '2018-02-01 14:47:33', '2018-03-10 21:42:59', '2018-03-10 23:59:59', null, null, null);
INSERT INTO `task` VALUES ('277124945956859928', '56597', '2', '12', 'http://gkitty.ddns.net:13838/task/download/12', '1', '2018-02-01 14:47:33', '2018-03-07 23:11:57', '2018-03-07 23:59:59', null, null, null);
INSERT INTO `task` VALUES ('277124945985612239', '56597', '2', '28', 'http://gkitty.ddns.net:13838/task/download/28', '1', '2018-02-01 14:47:33', '2018-03-09 04:11:36', '2018-03-09 23:59:59', null, null, null);
INSERT INTO `task` VALUES ('277124946004781200', '56597', '2', '1', 'http://gkitty.ddns.net:13838/task/download/1', '1', '2018-02-01 14:47:33', '2018-03-10 23:24:25', '2018-03-10 23:59:59', null, null, null);
INSERT INTO `task` VALUES ('277124946023641466', '56601', '2', '5', 'http://gkitty.ddns.net:13838/task/download/5', '1', '2018-02-01 14:47:33', '2018-02-09 10:15:33', '2018-02-09 23:59:59', null, null, null);
INSERT INTO `task` VALUES ('277124946051467206', '56601', '2', '20', 'http://gkitty.ddns.net:13838/task/download/20', '1', '2018-02-01 14:47:33', '2018-02-09 15:38:00', '2018-02-09 23:59:59', null, null, null);
INSERT INTO `task` VALUES ('277124946073110761', '56601', '2', '25', 'http://gkitty.ddns.net:13838/task/download/25', '1', '2018-02-01 14:47:33', '2018-02-10 09:37:44', '2018-02-10 23:59:59', null, null, null);
INSERT INTO `task` VALUES ('277124946091042656', '56601', '2', '23', 'http://gkitty.ddns.net:13838/task/download/23', '1', '2018-02-01 14:47:33', '2018-02-10 07:24:32', '2018-02-10 23:59:59', null, null, null);
INSERT INTO `task` VALUES ('277124946108665773', '56601', '2', '11', 'http://gkitty.ddns.net:13838/task/download/11', '1', '2018-02-01 14:47:33', '2018-02-12 04:28:45', '2018-02-12 23:59:59', null, null, null);
INSERT INTO `task` VALUES ('277124946123815521', '56601', '2', '7', 'http://gkitty.ddns.net:13838/task/download/7', '1', '2018-02-01 14:47:33', '2018-02-12 04:28:33', '2018-02-12 23:59:59', null, null, null);
INSERT INTO `task` VALUES ('277124946141129970', '56602', '2', '14', 'http://gkitty.ddns.net:13838/task/download/14', '1', '2018-02-01 14:47:33', '2018-02-21 08:42:26', '2018-02-21 23:59:59', null, null, null);
INSERT INTO `task` VALUES ('277124946156588632', '56602', '2', '8', 'http://gkitty.ddns.net:13838/task/download/8', '1', '2018-02-01 14:47:33', '2018-02-21 23:07:24', '2018-02-21 23:59:59', null, null, null);
INSERT INTO `task` VALUES ('277124946340240512', '56602', '2', '28', 'http://gkitty.ddns.net:13838/task/download/28', '1', '2018-02-01 14:47:33', '2018-02-23 12:04:11', '2018-02-23 23:59:59', null, null, null);
INSERT INTO `task` VALUES ('277124946362810856', '56602', '2', '17', 'http://gkitty.ddns.net:13838/task/download/17', '1', '2018-02-01 14:47:33', '2018-02-23 18:37:20', '2018-02-23 23:59:59', null, null, null);
INSERT INTO `task` VALUES ('277124946381051805', '56602', '2', '14', 'http://gkitty.ddns.net:13838/task/download/14', '1', '2018-02-01 14:47:33', '2018-02-26 01:45:35', '2018-02-26 23:59:59', null, null, null);
INSERT INTO `task` VALUES ('277124946399293508', '56602', '2', '5', 'http://gkitty.ddns.net:13838/task/download/5', '1', '2018-02-01 14:47:33', '2018-02-26 04:19:52', '2018-02-26 23:59:59', null, null, null);
INSERT INTO `task` VALUES ('277124946415061570', '56603', '2', '5', 'http://gkitty.ddns.net:13838/task/download/5', '1', '2018-02-01 14:47:33', '2018-02-15 00:19:09', '2018-02-15 23:59:59', null, null, null);
INSERT INTO `task` VALUES ('277124946433612739', '56605', '2', '22', 'http://gkitty.ddns.net:13838/task/download/22', '1', '2018-02-01 14:47:33', '2018-02-21 18:27:07', '2018-02-21 23:59:59', null, null, null);
INSERT INTO `task` VALUES ('277124946449689815', '56605', '2', '22', 'http://gkitty.ddns.net:13838/task/download/22', '1', '2018-02-01 14:47:33', '2018-02-23 09:02:50', '2018-02-23 23:59:59', null, null, null);
INSERT INTO `task` VALUES ('277124946472568101', '56605', '2', '23', 'http://gkitty.ddns.net:13838/task/download/23', '1', '2018-02-01 14:47:33', '2018-02-24 05:36:31', '2018-02-24 23:59:59', null, null, null);
INSERT INTO `task` VALUES ('277124946513070600', '56606', '2', '11', 'http://gkitty.ddns.net:13838/task/download/11', '1', '2018-02-01 14:47:33', '2018-02-18 03:15:22', '2018-02-18 23:59:59', null, null, null);
INSERT INTO `task` VALUES ('277124946660239438', '56606', '2', '25', 'http://gkitty.ddns.net:13838/task/download/25', '1', '2018-02-01 14:47:33', '2018-02-20 23:17:34', '2018-02-20 23:59:59', null, null, null);
INSERT INTO `task` VALUES ('277124946679099265', '56606', '2', '17', 'http://gkitty.ddns.net:13838/task/download/17', '1', '2018-02-01 14:47:33', '2018-02-22 23:06:48', '2018-02-22 23:59:59', null, null, null);
INSERT INTO `task` VALUES ('277124946695795602', '56607', '2', '1', 'http://gkitty.ddns.net:13838/task/download/1', '1', '2018-02-01 14:47:33', '2018-02-18 00:16:01', '2018-02-18 23:59:59', null, null, null);
INSERT INTO `task` VALUES ('277124946710945819', '56607', '2', '22', 'http://gkitty.ddns.net:13838/task/download/22', '1', '2018-02-01 14:47:33', '2018-02-18 07:16:56', '2018-02-18 23:59:59', null, null, null);
INSERT INTO `task` VALUES ('277124946725476670', '56609', '2', '11', 'http://gkitty.ddns.net:13838/task/download/11', '1', '2018-02-01 14:47:33', '2018-02-16 09:36:52', '2018-02-16 23:59:59', null, null, null);
INSERT INTO `task` VALUES ('277124946739698866', '56609', '2', '27', 'http://gkitty.ddns.net:13838/task/download/27', '1', '2018-02-01 14:47:33', '2018-02-17 11:44:28', '2018-02-17 23:59:59', null, null, null);
INSERT INTO `task` VALUES ('277124946754230164', '56609', '2', '19', 'http://gkitty.ddns.net:13838/task/download/19', '1', '2018-02-01 14:47:33', '2018-02-18 02:36:49', '2018-02-18 23:59:59', null, null, null);
INSERT INTO `task` VALUES ('277124946799060816', '56609', '2', '11', 'http://gkitty.ddns.net:13838/task/download/11', '1', '2018-02-01 14:47:33', '2018-02-22 01:25:51', '2018-02-22 23:59:59', null, null, null);
INSERT INTO `task` VALUES ('277124946819775998', '56609', '2', '30', 'http://gkitty.ddns.net:13838/task/download/30', '1', '2018-02-01 14:47:33', '2018-02-23 05:32:31', '2018-02-23 23:59:59', null, null, null);
INSERT INTO `task` VALUES ('277124946834925985', '56609', '2', '28', 'http://gkitty.ddns.net:13838/task/download/28', '1', '2018-02-01 14:47:33', '2018-02-24 20:01:32', '2018-02-24 23:59:59', null, null, null);
INSERT INTO `task` VALUES ('277124946849766883', '56611', '2', '4', 'http://gkitty.ddns.net:13838/task/download/4', '1', '2018-02-01 14:47:33', '2018-02-02 10:24:12', '2018-02-02 23:59:59', null, null, null);
INSERT INTO `task` VALUES ('277124946865843531', '56611', '2', '10', 'http://gkitty.ddns.net:13838/task/download/10', '1', '2018-02-01 14:47:33', '2018-02-02 17:02:11', '2018-02-02 23:59:59', null, null, null);
INSERT INTO `task` VALUES ('277124946886867906', '56612', '2', '18', 'http://gkitty.ddns.net:13838/task/download/18', '1', '2018-02-01 14:47:33', '2018-02-19 00:11:01', '2018-02-19 23:59:59', null, null, null);
INSERT INTO `task` VALUES ('277124946901708995', '56612', '2', '1', 'http://gkitty.ddns.net:13838/task/download/1', '1', '2018-02-01 14:47:33', '2018-02-21 04:41:06', '2018-02-21 23:59:59', null, null, null);
INSERT INTO `task` VALUES ('277124946915930893', '56613', '2', '16', 'http://gkitty.ddns.net:13838/task/download/16', '1', '2018-02-01 14:47:33', '2018-02-21 17:58:13', '2018-02-21 23:59:59', null, null, null);
INSERT INTO `task` VALUES ('277124946932626189', '56613', '2', '29', 'http://gkitty.ddns.net:13838/task/download/29', '1', '2018-02-01 14:47:33', '2018-02-22 15:36:49', '2018-02-22 23:59:59', null, null, null);
INSERT INTO `task` VALUES ('277124946949012374', '56613', '2', '2', 'http://gkitty.ddns.net:13838/task/download/2', '1', '2018-02-01 14:47:33', '2018-02-23 09:37:15', '2018-02-23 23:59:59', null, null, null);
INSERT INTO `task` VALUES ('277124946970036647', '56613', '2', '14', 'http://gkitty.ddns.net:13838/task/download/14', '1', '2018-02-01 14:47:33', '2018-02-27 03:13:05', '2018-02-27 23:59:59', null, null, null);
INSERT INTO `task` VALUES ('277124946984877470', '56613', '2', '19', 'http://gkitty.ddns.net:13838/task/download/19', '1', '2018-02-01 14:47:33', '2018-02-27 10:38:08', '2018-02-27 23:59:59', null, null, null);
INSERT INTO `task` VALUES ('277124946999099626', '56613', '2', '29', 'http://gkitty.ddns.net:13838/task/download/29', '1', '2018-02-01 14:47:33', '2018-03-01 15:24:29', '2018-03-01 23:59:59', null, null, null);
INSERT INTO `task` VALUES ('277124947016722249', '56613', '2', '4', 'http://gkitty.ddns.net:13838/task/download/4', '1', '2018-02-01 14:47:33', '2018-03-01 04:31:59', '2018-03-01 23:59:59', null, null, null);
INSERT INTO `task` VALUES ('277124947039292685', '56614', '2', '22', 'http://gkitty.ddns.net:13838/task/download/22', '1', '2018-02-01 14:47:33', '2018-02-16 16:27:14', '2018-02-16 23:59:59', null, null, null);
INSERT INTO `task` VALUES ('277124947055369333', '56614', '2', '16', 'http://gkitty.ddns.net:13838/task/download/16', '1', '2018-02-01 14:47:33', '2018-02-18 04:11:13', '2018-02-18 23:59:59', null, null, null);
INSERT INTO `task` VALUES ('277124947070210701', '56615', '2', '16', 'http://gkitty.ddns.net:13838/task/download/16', '1', '2018-02-01 14:47:33', '2018-02-17 02:33:49', '2018-02-17 23:59:59', null, null, null);
INSERT INTO `task` VALUES ('277124947085050601', '56615', '2', '14', 'http://gkitty.ddns.net:13838/task/download/14', '1', '2018-02-01 14:47:33', '2018-02-17 16:05:46', '2018-02-17 23:59:59', null, null, null);
INSERT INTO `task` VALUES ('277124947099582121', '56615', '2', '12', 'http://gkitty.ddns.net:13838/task/download/12', '1', '2018-02-01 14:47:33', '2018-02-24 17:22:23', '2018-02-24 23:59:59', null, null, null);
INSERT INTO `task` VALUES ('277124947113804811', '56615', '2', '25', 'http://gkitty.ddns.net:13838/task/download/25', '1', '2018-02-01 14:47:33', '2018-02-26 01:52:16', '2018-02-26 23:59:59', null, null, null);
INSERT INTO `task` VALUES ('277124947128645427', '56618', '2', '3', 'http://gkitty.ddns.net:13838/task/download/3', '1', '2018-02-01 14:47:33', '2018-03-03 00:00:55', '2018-03-03 23:59:59', null, null, null);
INSERT INTO `task` VALUES ('277124947145959124', '56618', '2', '13', 'http://gkitty.ddns.net:13838/task/download/13', '1', '2018-02-01 14:47:33', '2018-03-03 17:31:04', '2018-03-03 23:59:59', null, null, null);
INSERT INTO `task` VALUES ('277124947162345273', '56618', '2', '24', 'http://gkitty.ddns.net:13838/task/download/24', '1', '2018-02-01 14:47:33', '2018-03-04 12:19:35', '2018-03-04 23:59:59', null, null, null);
INSERT INTO `task` VALUES ('277124947179350839', '56618', '2', '19', 'http://gkitty.ddns.net:13838/task/download/19', '1', '2018-02-01 14:47:33', '2018-03-04 20:23:17', '2018-03-04 23:59:59', null, null, null);
INSERT INTO `task` VALUES ('277124947195427248', '56618', '2', '21', 'http://gkitty.ddns.net:13838/task/download/21', '1', '2018-02-01 14:47:33', '2018-03-06 12:58:56', '2018-03-06 23:59:59', null, null, null);
INSERT INTO `task` VALUES ('277124947212432690', '56618', '2', '29', 'http://gkitty.ddns.net:13838/task/download/29', '1', '2018-02-01 14:47:33', '2018-03-06 23:25:01', '2018-03-06 23:59:59', null, null, null);
INSERT INTO `task` VALUES ('277124947228818525', '56621', '2', '1', 'http://gkitty.ddns.net:13838/task/download/1', '1', '2018-02-01 14:47:33', '2018-02-16 16:44:25', '2018-02-16 23:59:59', null, null, null);
INSERT INTO `task` VALUES ('277124947243350644', '56621', '2', '15', 'http://gkitty.ddns.net:13838/task/download/15', '1', '2018-02-01 14:47:33', '2018-02-22 14:10:27', '2018-02-22 23:59:59', null, null, null);
INSERT INTO `task` VALUES ('277124947257263676', '56622', '2', '3', 'http://gkitty.ddns.net:13838/task/download/3', '1', '2018-02-01 14:47:33', '2018-02-05 12:28:04', '2018-02-05 23:59:59', null, null, null);
INSERT INTO `task` VALUES ('277124947271485511', '56622', '2', '9', 'http://gkitty.ddns.net:13838/task/download/9', '1', '2018-02-01 14:47:33', '2018-02-06 04:19:53', '2018-02-06 23:59:59', null, null, null);
INSERT INTO `task` VALUES ('277124947286016399', '56624', '2', '3', 'http://gkitty.ddns.net:13838/task/download/3', '1', '2018-02-01 14:47:33', '2018-02-23 09:28:40', '2018-02-23 23:59:59', null, null, null);
INSERT INTO `task` VALUES ('277124947299929968', '56624', '2', '30', 'http://gkitty.ddns.net:13838/task/download/30', '1', '2018-02-01 14:47:33', '2018-02-23 07:56:25', '2018-02-23 23:59:59', null, null, null);
INSERT INTO `task` VALUES ('277124947313533983', '56624', '2', '22', 'http://gkitty.ddns.net:13838/task/download/22', '1', '2018-02-01 14:47:33', '2018-02-24 01:23:39', '2018-02-24 23:59:59', null, null, null);
INSERT INTO `task` VALUES ('277124947328374480', '56624', '2', '26', 'http://gkitty.ddns.net:13838/task/download/26', '1', '2018-02-01 14:47:33', '2018-02-24 09:25:51', '2018-02-24 23:59:59', null, null, null);
INSERT INTO `task` VALUES ('277124947342596961', '56624', '2', '26', 'http://gkitty.ddns.net:13838/task/download/26', '1', '2018-02-01 14:47:33', '2018-02-25 14:52:36', '2018-02-25 23:59:59', null, null, null);
INSERT INTO `task` VALUES ('277124947357127696', '56624', '2', '18', 'http://gkitty.ddns.net:13838/task/download/18', '1', '2018-02-01 14:47:33', '2018-02-25 23:12:11', '2018-02-25 23:59:59', null, null, null);
